98%,Optima 1, Optima [1],Optima 2, Optima [2],Optima 3, Optima [3],Optima 4, Optima [4],Optima 5, Optima [5],Optima 6, Optima [6],Optima 7, Optima [7],Optima 8, Optima [8],Optima 9, Optima [9],Optima 10, Optima [10]
 ,10210,[0 1 4 2 5 3 7 9 6 8],1689280,[4 6 9 1 2 3 7 8 0 5],486002,[1 4 0 6 2 3 5 8 7 9],324738,[0 9 1 5 2 3 8 4 6 7],1120434,[3 0 8 4 1 9 7 2 5 6],1699998,[4 7 1 3 0 8 5 2 6 9],2117037,[5 8 4 0 2 9 7 3 6 1],1406637,[3 8 9 0 5 7 6 2 4 1],1204758,[3 2 9 0 4 7 5 1 6 8],258085,[0 7 4 2 5 8 6 1 9 3]
------------------------------------------------
#,Optima 1, Optima [1],Optima 2, Optima [2],Optima 3, Optima [3],Optima 4, Optima [4],Optima 5, Optima [5],Optima 6, Optima [6],Optima 7, Optima [7],Optima 8, Optima [8],Optima 9, Optima [9],Optima 10, Optima [10]
1,1373771,[3 8 0 6 1 2 5 9 7 4],1411338,[3 9 0 1 4 2 8 5 6 7],176002,[0 5 3 9 4 7 2 8 1 6],228750,[0 6 7 3 8 2 4 1 5 9],1104304,[3 0 5 1 8 6 7 9 2 4],2802466,[7 6 4 0 2 9 3 8 1 5],1403195,[3 8 7 2 9 1 4 6 5 0],399506,[1 0 9 3 8 4 2 6 5 7],2706467,[7 4 0 9 8 6 2 5 3 1],302413,[0 8 5 1 2 3 7 4 9 6]
2,970502,[2 7 0 5 9 4 6 3 1 8],3522425,[9 6 2 8 1 4 5 7 3 0],688851,[1 9 0 6 7 4 2 5 8 3],246136,[0 7 1 8 9 2 5 6 3 4],1216126,[3 4 1 5 0 6 9 8 2 7],1003430,[2 7 9 0 5 8 4 3 1 6],3503661,[9 5 8 1 2 0 7 4 6 3],1881880,[5 1 7 3 8 2 6 9 0 4],112427,[0 3 8 4 1 9 5 7 6 2],1449972,[3 9 8 5 7 0 4 1 2 6]
3,1410505,[3 8 9 7 0 2 1 4 6 5],2424146,[6 7 0 9 8 2 1 4 3 5],1713723,[4 7 5 0 2 1 3 8 9 6],899819,[2 5 3 6 8 4 1 9 7 0],3333904,[9 1 6 4 3 5 7 8 0 2],152809,[0 4 8 3 2 6 1 5 9 7],3019514,[8 2 9 0 6 5 1 4 3 7],2226110,[6 1 2 7 8 9 4 3 0 5],1262199,[3 5 2 6 0 4 8 7 9 1],3146053,[8 6 0 2 5 1 7 3 9 4]
4,2437175,[6 7 3 4 9 5 8 2 1 0],2073387,[5 7 3 2 8 1 0 6 9 4],2516142,[6 9 3 1 5 8 2 0 4 7],2754681,[7 5 2 4 9 6 1 3 8 0],1973202,[5 3 9 4 6 1 8 0 2 7],1851965,[5 0 9 4 2 1 3 8 7 6],1463115,[4 0 3 5 1 8 2 7 9 6],3121813,[8 5 3 2 9 0 6 1 7 4],1202978,[3 2 8 6 7 9 0 4 1 5],1955067,[5 3 4 9 2 1 0 7 8 6]
5,1791184,[4 9 3 2 7 5 6 8 0 1],3112780,[8 5 1 6 2 9 0 7 3 4],2041769,[5 6 7 0 8 4 3 9 2 1],1482158,[4 0 8 1 6 3 7 5 2 9],1640764,[4 5 7 3 9 0 1 8 2 6],2980897,[8 1 9 4 0 7 2 3 6 5],2315651,[6 3 4 5 1 0 7 9 8 2],958771,[2 6 8 1 5 7 9 0 4 3],1831441,[5 0 4 3 8 1 2 6 9 7],1460431,[4 0 2 8 5 3 6 1 9 7]
6,3555181,[9 7 1 3 6 4 5 0 8 2],2906698,[8 0 1 7 2 5 4 9 3 6],2208950,[6 0 8 2 9 7 4 3 1 5],2986269,[8 2 0 5 6 4 9 3 7 1],1679447,[4 6 7 1 5 2 9 8 3 0],1798456,[4 9 5 7 8 0 3 6 1 2],2617306,[7 1 9 3 0 8 4 6 2 5],1697212,[4 7 0 8 2 5 1 9 3 6],2679616,[7 3 4 6 8 0 5 9 1 2],3291646,[9 0 6 1 7 3 8 5 2 4]
7,2194385,[6 0 4 3 8 5 7 9 2 1],3415781,[9 3 6 7 0 8 1 5 4 2],1049205,[2 9 0 3 4 5 8 6 7 1],3057843,[8 3 7 6 0 1 2 5 9 4],2278636,[6 2 5 0 8 7 1 9 3 4],551014,[1 5 7 3 2 8 9 6 0 4],2831133,[7 8 1 6 0 5 9 3 4 2],402808,[1 0 9 8 4 6 5 7 2 3],1511436,[4 1 5 9 2 3 7 0 6 8],1577436,[4 3 0 9 8 2 6 1 5 7]
8,1472962,[4 0 6 2 8 7 3 9 1 5],1971348,[5 3 9 0 8 7 4 1 2 6],1594258,[4 3 6 2 1 7 5 9 0 8],1785866,[4 9 2 3 5 1 0 7 6 8],1557753,[4 2 7 0 6 3 5 8 9 1],2037030,[5 6 4 1 2 3 7 0 8 9],272131,[0 7 6 9 8 4 5 1 3 2],56182,[0 2 5 3 1 4 9 8 6 7],1040170,[2 8 7 3 6 0 4 9 1 5],3442840,[9 4 3 0 7 2 6 8 1 5]
9,3096007,[8 4 7 2 0 1 5 3 9 6],2479520,[6 8 3 9 5 4 1 2 0 7],2194173,[6 0 4 3 5 8 9 2 7 1],2350727,[6 4 2 3 9 1 8 7 5 0],3295665,[9 0 6 8 2 7 3 4 5 1],1422011,[3 9 2 1 0 4 6 8 7 5],1845939,[5 0 8 2 7 9 1 4 6 3],2161632,[5 9 4 8 1 6 0 2 3 7],1120055,[3 0 8 2 6 7 9 5 4 1],3184244,[8 6 9 5 3 1 7 2 0 4]
10,1420896,[3 9 1 8 4 7 0 2 5 6],1659225,[4 6 1 2 5 9 3 7 8 0],316003,[0 8 7 5 9 2 6 1 4 3],3539430,[9 6 7 1 8 2 3 0 4 5],2652433,[7 2 8 1 9 5 0 3 6 4],464578,[1 3 6 2 4 7 5 9 0 8],2145813,[5 9 1 7 2 6 8 3 4 0],2343384,[6 4 0 9 7 2 1 3 5 8],2552364,[7 0 3 4 9 6 5 1 2 8],259822,[0 7 4 5 9 1 8 6 2 3]
11,2911911,[8 0 2 7 3 9 5 4 6 1],110573,[0 3 7 9 5 4 1 8 6 2],2377097,[6 4 9 5 3 0 7 8 2 1],2447065,[6 7 5 3 8 1 0 2 9 4],649690,[1 8 0 9 4 2 5 7 3 6],250937,[0 7 2 8 5 1 6 9 4 3],985586,[2 7 4 5 9 1 0 6 3 8],3173568,[8 6 5 4 7 2 0 1 3 9],907229,[2 5 6 0 1 4 3 9 8 7],1765962,[4 8 7 2 6 1 9 0 3 5]
12,1572087,[4 2 9 8 3 6 5 1 7 0],1193699,[3 2 6 8 9 4 1 7 5 0],1872096,[5 1 4 6 0 9 2 3 7 8],689896,[1 9 0 8 3 2 6 7 4 5],3440176,[9 4 2 6 0 1 7 8 3 5],437531,[1 2 8 7 6 0 4 9 5 3],2478251,[6 8 3 7 0 1 4 9 5 2],3392751,[9 3 1 2 0 8 6 5 7 4],2587114,[7 1 2 4 3 5 6 9 0 8],762824,[2 0 9 4 5 8 3 6 1 7]
13,3159818,[8 6 2 9 4 7 0 3 1 5],90163,[0 3 2 9 4 5 8 1 7 6],2184983,[6 0 2 5 8 1 9 7 4 3],2480335,[6 8 4 0 9 3 2 1 7 5],2311618,[6 3 2 7 5 4 1 9 0 8],3017036,[8 2 7 5 1 9 6 3 0 4],1445431,[3 9 7 6 4 1 2 0 8 5],2697517,[7 3 9 1 5 2 6 0 8 4],1225886,[3 4 5 1 7 8 6 2 0 9],441920,[1 2 9 6 7 5 3 4 0 8]
14,869550,[2 4 6 5 8 1 3 0 7 9],2740791,[7 4 9 6 3 8 2 1 5 0],510355,[1 4 7 2 8 9 6 0 5 3],2690263,[7 3 6 8 2 9 1 0 5 4],2587799,[7 1 2 5 0 9 8 6 4 3],3269650,[9 0 1 7 3 2 5 8 4 6],2469768,[6 8 2 0 3 5 1 4 7 9],2878693,[7 9 3 1 2 0 6 4 8 5],2367100,[6 4 7 5 3 9 0 8 1 2],655862,[1 8 3 0 9 5 6 4 2 7]
15,2916259,[8 0 3 6 4 1 9 2 7 5],3380718,[9 2 7 6 3 5 1 0 4 8],2536174,[6 9 8 1 3 5 7 4 0 2],1805505,[4 9 7 1 5 8 2 3 6 0],1689145,[4 6 9 1 0 3 2 5 8 7],2190050,[6 0 3 5 8 4 1 7 2 9],73832,[0 2 8 6 5 3 4 7 1 9],2645682,[7 2 5 9 4 1 8 0 3 6],2073223,[5 7 3 2 4 9 1 0 8 6],1404937,[3 8 7 6 1 9 0 2 5 4]
16,3520734,[9 6 2 4 8 3 1 0 5 7],3152035,[8 6 1 3 7 9 5 0 4 2],3507179,[9 5 8 7 0 3 2 6 4 1],1884797,[5 1 7 9 6 4 0 8 3 2],549959,[1 5 7 0 8 9 6 4 3 2],575224,[1 6 3 0 9 5 7 8 2 4],93484,[0 3 4 6 9 1 2 8 5 7],1202228,[3 2 8 5 7 4 9 1 0 6],2896806,[7 9 6 5 2 0 3 1 4 8],1772578,[4 8 9 5 7 2 1 6 0 3]
17,2446236,[6 7 5 2 4 1 8 0 3 9],1091730,[3 0 1 7 4 8 9 2 5 6],1198865,[3 2 7 9 0 5 6 8 4 1],1641321,[4 5 7 6 3 8 1 2 9 0],3396622,[9 3 1 8 5 0 7 6 2 4],2794260,[7 6 2 3 9 4 5 0 1 8],1051260,[2 9 0 6 1 5 7 3 4 8],598023,[1 6 8 5 4 3 7 2 9 0],2884329,[7 9 4 2 0 1 5 6 8 3],2899918,[7 9 8 2 4 6 5 3 0 1]
18,2786518,[7 6 0 9 1 8 5 4 2 3],1103797,[3 0 5 1 2 6 8 4 9 7],3190376,[8 7 1 0 2 5 4 6 3 9],400385,[1 0 9 5 2 6 7 8 4 3],3350464,[9 2 0 7 4 5 6 8 1 3],2742181,[7 5 0 1 6 4 8 2 9 3],1379540,[3 8 1 7 0 2 9 5 4 6],2229092,[6 1 3 2 9 7 8 4 0 5],1145150,[3 1 5 2 6 9 7 4 0 8],201843,[0 6 1 2 5 3 4 8 9 7]
19,3339204,[9 1 7 4 6 5 3 0 2 8],246441,[0 7 1 9 3 6 4 5 8 2],1732039,[4 7 9 5 3 6 1 0 8 2],2320703,[6 3 5 4 1 0 9 8 7 2],2915369,[8 0 3 5 1 7 6 9 4 2],3013646,[8 2 6 9 4 5 3 1 0 7],1895871,[5 2 0 3 1 9 7 6 8 4],1740692,[4 8 1 3 6 7 9 2 0 5],2004896,[5 4 7 8 3 2 1 6 0 9],59284,[0 2 5 8 4 1 3 9 6 7]
20,3322571,[9 1 4 2 7 0 5 8 6 3],1053690,[2 9 1 0 5 7 8 3 4 6],3102150,[8 4 9 3 5 1 2 0 6 7],2486206,[6 8 5 2 0 3 9 7 1 4],1766124,[4 8 7 2 9 5 3 0 1 6],3452906,[9 4 6 0 7 2 1 5 3 8],2572334,[7 0 8 3 6 1 5 4 2 9],2048297,[5 6 8 2 9 0 4 7 3 1],2844421,[7 8 4 2 5 3 6 0 9 1],1940242,[5 3 0 9 7 6 2 8 1 4]
21,838156,[2 3 8 4 0 7 1 9 5 6],671155,[1 8 6 2 0 9 7 3 5 4],789455,[2 1 6 7 4 8 9 5 3 0],1472690,[4 0 6 2 5 7 1 8 3 9],3228170,[8 9 0 4 5 3 1 6 2 7],2766149,[7 5 4 8 9 1 0 6 3 2],2604350,[7 1 5 8 0 9 4 3 2 6],1793372,[4 9 3 7 6 5 8 1 0 2],973786,[2 7 1 3 5 9 4 8 0 6],3308293,[9 1 0 4 8 2 6 3 7 5]
22,583736,[1 6 4 8 7 3 2 5 0 9],2863554,[7 9 0 2 1 8 6 3 4 5],1503866,[4 1 3 5 8 2 0 7 6 9],1351900,[3 7 5 1 6 9 0 8 2 4],424443,[1 2 6 3 7 0 4 8 9 5],1285930,[3 5 9 1 0 2 6 8 4 7],59389,[0 2 5 8 4 9 6 1 7 3],992203,[2 7 5 9 0 3 8 1 6 4],3253127,[8 9 5 3 1 2 7 6 4 0],3349463,[9 2 0 6 1 3 8 7 5 4]
23,2948409,[8 1 2 0 3 4 6 7 9 5],2074294,[5 7 3 4 9 6 8 2 0 1],2301387,[6 3 0 7 4 2 1 8 9 5],1449639,[3 9 8 5 2 1 6 4 7 0],2943001,[8 0 9 7 4 1 2 3 6 5],558194,[1 5 8 7 2 6 0 4 3 9],2122792,[5 8 6 1 2 9 4 7 0 3],2000570,[5 4 6 9 3 2 0 7 1 8],3404443,[9 3 4 5 2 1 8 0 7 6],2665003,[7 3 0 8 4 2 9 1 6 5]
24,1873265,[5 1 4 7 8 3 6 9 2 0],3446520,[9 4 3 7 8 0 1 2 5 6],3471220,[9 5 0 7 1 8 2 6 3 4],1373650,[3 8 0 5 9 1 4 7 2 6],1509865,[4 1 5 7 0 3 2 6 9 8],1022320,[2 8 3 7 9 1 5 6 0 4],1432967,[3 9 5 2 1 4 8 7 6 0],2155096,[5 9 3 6 1 0 7 8 2 4],2856022,[7 8 6 4 5 0 9 3 1 2],3350809,[9 2 0 7 8 4 1 3 6 5]
25,2700987,[7 3 9 8 2 1 0 5 6 4],987308,[2 7 4 9 1 5 8 3 0 6],600976,[1 6 9 2 7 0 5 8 3 4],1046521,[2 8 9 5 4 0 1 3 7 6],1887756,[5 1 8 4 9 2 6 0 3 7],1069597,[2 9 5 1 6 3 7 0 8 4],578514,[1 6 3 8 4 9 7 0 2 5],3464995,[9 4 8 3 2 7 6 0 5 1],1613290,[4 5 0 1 8 2 6 9 3 7],2441544,[6 7 4 3 0 2 1 5 8 9]
26,1278686,[3 5 7 6 9 4 2 1 0 8],2795810,[7 6 2 8 0 4 1 5 3 9],856630,[2 4 1 9 7 5 8 6 0 3],538325,[1 5 3 8 7 0 2 9 6 4],1087853,[2 9 8 6 7 3 0 5 4 1],975304,[2 7 1 5 6 4 8 9 0 3],3529012,[9 6 4 1 3 5 0 8 2 7],3187530,[8 7 0 4 1 6 9 2 3 5],156642,[0 4 9 1 6 3 8 2 5 7],1139872,[3 1 4 2 0 9 7 8 5 6]
27,1450738,[3 9 8 6 7 2 1 5 0 4],295018,[0 8 3 5 7 4 2 9 1 6],2083550,[5 7 6 2 8 9 3 1 0 4],183661,[0 5 6 4 1 7 8 2 9 3],2452123,[6 7 8 3 5 1 9 0 4 2],3137458,[8 5 7 3 4 2 1 9 0 6],911050,[2 5 6 8 3 0 4 9 1 7],2116146,[5 8 3 9 0 4 7 1 2 6],122430,[0 4 1 5 2 6 7 3 8 9],137553,[0 4 5 3 1 6 7 8 9 2]
28,3526562,[9 6 3 7 0 1 2 5 4 8],449550,[1 3 2 4 6 5 7 0 8 9],1793331,[4 9 3 7 6 2 0 5 8 1],407700,[1 2 0 9 4 6 7 3 5 8],1500247,[4 1 2 7 8 0 5 3 9 6],2445709,[6 7 5 1 8 9 3 0 4 2],159946,[0 4 9 7 1 8 3 6 2 5],949513,[2 6 5 3 8 7 0 1 9 4],2244308,[6 1 7 3 0 5 9 4 2 8],356908,[0 9 7 6 5 2 1 8 3 4]
29,2521946,[6 9 4 2 7 1 0 5 3 8],49927,[0 2 3 9 5 1 6 4 8 7],820519,[2 3 4 8 6 7 1 0 9 5],1110664,[3 0 6 4 7 5 8 9 1 2],3022755,[8 2 9 6 1 5 0 4 7 3],567010,[1 6 0 5 7 2 4 9 3 8],768324,[2 1 0 6 3 8 7 4 5 9],2649779,[7 2 6 8 1 4 3 9 5 0],73655,[0 2 8 6 3 7 9 5 4 1],1399893,[3 8 6 7 1 5 9 2 4 0]
30,1975451,[5 3 9 8 6 0 2 7 4 1],1185543,[3 2 5 1 7 6 8 4 9 0],2855962,[7 8 6 4 3 5 1 9 0 2],3037263,[8 3 2 6 4 5 7 1 9 0],1166041,[3 1 9 4 6 0 2 5 8 7],398769,[1 0 9 2 8 3 5 6 7 4],3172808,[8 6 5 3 7 0 2 4 1 9],680041,[1 8 7 9 4 0 2 3 6 5],380791,[1 0 5 6 9 3 4 2 8 7],1884288,[5 1 7 9 0 4 2 3 6 8]
31,372534,[1 0 3 9 5 6 4 2 7 8],3388392,[9 3 0 4 1 7 2 5 6 8],3258638,[8 9 6 3 7 1 4 2 0 5],2178372,[6 0 1 3 7 2 8 4 5 9],391220,[1 0 7 6 4 2 9 5 3 8],3569618,[9 7 4 1 6 8 0 3 2 5],1894183,[5 1 9 7 6 8 2 0 4 3],1332326,[3 7 0 4 5 8 6 2 1 9],1979516,[5 4 0 8 2 9 7 3 1 6],2390201,[6 5 2 1 8 3 7 9 4 0]
32,112015,[0 3 8 2 6 5 4 1 9 7],2414325,[6 5 9 0 2 3 8 4 7 1],2763443,[7 5 4 2 0 8 3 9 6 1],366624,[1 0 2 8 4 5 3 6 7 9],1031170,[2 8 5 6 1 0 4 9 3 7],618815,[1 7 3 8 4 6 9 5 2 0],2590497,[7 1 2 9 8 4 3 5 6 0],752175,[2 0 7 3 8 1 6 5 9 4],2659203,[7 2 9 5 3 0 1 6 8 4],1965724,[5 3 8 0 2 1 4 9 6 7]
33,2216374,[6 0 9 7 2 5 8 4 1 3],1759900,[4 8 6 1 2 9 0 7 3 5],988687,[2 7 5 1 3 0 6 4 9 8],3540675,[9 6 7 3 4 5 0 2 8 1],441292,[1 2 9 5 8 4 0 7 3 6],553241,[1 5 7 8 3 2 6 9 4 0],3267176,[9 0 1 3 7 5 4 6 2 8],2072935,[5 7 3 2 0 6 4 1 9 8],932246,[2 6 0 9 7 5 4 3 1 8],504683,[1 4 6 0 9 7 3 8 5 2]
34,785090,[2 1 5 8 4 6 0 7 3 9],2363908,[6 4 7 0 2 3 1 9 5 8],3067695,[8 4 0 6 7 1 5 3 9 2],68291,[0 2 7 5 9 1 4 8 6 3],562820,[1 5 9 6 7 0 8 3 2 4],3571013,[9 7 4 3 6 2 0 8 5 1],2351850,[6 4 2 7 3 8 9 0 1 5],3358170,[9 2 3 4 0 7 8 1 5 6],3152701,[8 6 1 4 7 3 5 0 9 2],1904411,[5 2 1 9 0 3 6 8 7 4]
35,2673620,[7 3 2 5 4 0 9 6 1 8],3129827,[8 5 4 9 7 6 1 3 2 0],3214394,[8 7 5 6 2 4 0 3 1 9],2767805,[7 5 6 1 2 0 3 9 8 4],3504328,[9 5 8 2 0 6 4 7 1 3],1847261,[5 0 8 4 6 9 1 7 3 2],866375,[2 4 5 9 1 7 8 6 3 0],3032962,[8 3 1 7 4 6 2 9 0 5],2827464,[7 8 1 0 2 4 3 5 6 9],2244973,[6 1 7 4 0 2 8 3 9 5]
36,2543520,[7 0 1 6 8 2 3 4 5 9],2581467,[7 1 0 3 5 4 2 8 9 6],482860,[1 3 9 7 5 8 0 6 2 4],849634,[2 4 0 7 1 5 6 9 3 8],2377817,[6 4 9 7 3 0 5 8 2 1],3564374,[9 7 3 1 5 0 6 4 2 8],1812871,[4 9 8 5 7 1 2 0 6 3],2871412,[7 9 1 6 0 4 2 8 3 5],1571919,[4 2 9 8 1 3 6 5 7 0],2404340,[6 5 7 0 3 1 9 4 2 8]
37,90323,[0 3 2 9 5 7 4 8 6 1],2547863,[7 0 2 5 8 1 9 6 4 3],374401,[1 0 4 5 2 3 6 7 9 8],2523790,[6 9 4 7 1 3 8 5 0 2],3577536,[9 7 5 6 4 8 0 1 2 3],2028674,[5 6 2 4 7 8 0 3 1 9],1572536,[4 3 0 1 2 7 6 8 5 9],1330592,[3 7 0 1 2 5 6 8 4 9],1321789,[3 6 8 1 7 9 4 0 5 2],3491430,[9 5 4 7 1 2 3 0 6 8]
38,1601921,[4 3 7 8 9 1 5 6 2 0],1971154,[5 3 9 0 7 2 4 8 1 6],104803,[0 3 6 8 5 2 9 1 7 4],1109905,[3 0 6 2 7 4 1 5 9 8],1909848,[5 2 3 9 6 4 0 1 7 8],2351082,[6 4 2 5 3 1 9 0 7 8],2075101,[5 7 3 8 0 4 6 1 9 2],3017078,[8 2 7 5 3 1 6 4 0 9],1185485,[3 2 5 1 7 0 4 9 8 6],2488245,[6 8 5 4 9 1 7 2 3 0]
39,1517261,[4 1 7 0 3 9 2 8 6 5],2790097,[7 6 1 5 0 9 2 3 8 4],2914672,[8 0 3 4 1 9 6 7 2 5],2088467,[5 7 8 2 4 9 1 6 3 0],3278646,[9 0 3 5 7 1 4 2 6 8],2408230,[6 5 7 8 4 2 9 3 0 1],1921068,[5 2 7 1 0 9 6 3 4 8],1487792,[4 0 9 2 5 3 6 7 1 8],3456647,[9 4 6 7 8 1 5 3 2 0],1335587,[3 7 0 9 8 6 2 5 4 1]
40,561785,[1 5 9 4 2 6 7 8 3 0],1450344,[3 9 8 6 2 1 0 4 5 7],2109360,[5 8 2 4 7 0 1 3 6 9],584432,[1 6 4 9 7 2 3 5 0 8],298060,[0 8 4 1 9 7 2 6 3 5],2320775,[6 3 5 4 1 8 9 7 2 0],2445579,[6 7 5 1 4 9 0 3 8 2],3530535,[9 6 4 3 5 0 7 2 8 1],3009074,[8 2 6 0 3 7 1 5 4 9],2330086,[6 3 8 2 1 4 9 7 0 5]
41,701978,[1 9 4 2 8 7 0 5 3 6],862007,[2 4 5 0 3 6 9 8 7 1],174497,[0 5 3 7 4 1 8 9 6 2],2074686,[5 7 3 6 4 0 2 1 8 9],2695746,[7 3 8 9 0 4 6 1 2 5],322203,[0 8 9 7 4 1 2 5 6 3],3146949,[8 6 0 3 7 4 9 2 5 1],3058273,[8 3 7 6 4 5 0 1 9 2],2480601,[6 8 4 1 2 7 3 5 9 0],2782041,[7 5 9 8 6 3 1 2 4 0]
42,2217267,[6 0 9 8 4 2 1 5 7 3],3524351,[9 6 3 1 8 4 7 5 2 0],1607714,[4 3 8 9 7 5 0 2 1 6],1845582,[5 0 8 2 3 9 4 1 6 7],3271526,[9 0 2 1 7 6 5 4 3 8],1280127,[3 5 7 9 8 4 2 1 6 0],2419994,[6 7 0 2 1 8 3 5 4 9],2360076,[6 4 5 1 9 2 7 0 3 8],1512729,[4 1 6 2 0 3 7 8 9 5],3446065,[9 4 3 7 1 2 0 5 8 6]
43,1462742,[4 0 3 2 7 6 8 5 1 9],540296,[1 5 4 2 6 7 3 8 0 9],2874821,[7 9 2 3 6 8 0 5 4 1],1383650,[3 8 2 5 7 4 0 6 1 9],1955840,[5 3 6 0 4 8 2 7 1 9],288309,[0 8 2 3 5 6 9 4 7 1],1805396,[4 9 7 1 3 8 6 2 0 5],2389297,[6 5 2 0 4 9 1 3 8 7],3135670,[8 5 7 1 0 4 9 6 2 3],1537824,[4 2 1 0 9 5 3 6 7 8]
44,2745110,[7 5 0 6 4 9 3 2 1 8],1984464,[5 4 1 8 2 3 0 6 7 9],128903,[0 4 2 7 1 3 9 8 6 5],2659276,[7 2 9 5 3 6 0 8 1 4],819120,[2 3 4 6 8 0 1 5 7 9],2242419,[6 1 5 9 3 8 0 4 7 2],1297937,[3 6 1 5 8 0 7 9 4 2],3085996,[8 4 5 2 0 7 1 9 3 6],53855,[0 2 4 7 8 6 9 5 3 1],1154032,[3 1 6 9 7 8 4 5 0 2]
45,2491470,[6 8 7 2 3 1 4 0 5 9],771838,[2 1 3 0 9 8 7 6 4 5],2946575,[8 1 0 6 4 7 9 5 3 2],1349183,[3 7 4 6 9 0 8 5 2 1],3247150,[8 9 4 1 7 3 6 5 0 2],3171657,[8 6 5 2 0 4 3 7 9 1],449076,[1 3 2 0 8 5 7 4 6 9],385061,[1 0 6 4 8 9 2 7 5 3],1833177,[5 0 4 8 1 6 3 7 9 2],589831,[1 6 7 0 3 4 5 2 9 8]
46,87305,[0 3 2 5 4 7 8 9 6 1],1526259,[4 1 8 7 6 9 0 3 5 2],1776776,[4 9 0 5 7 3 2 6 1 8],907847,[2 5 6 0 9 3 8 7 4 1],793901,[2 1 7 5 6 9 0 8 4 3],475855,[1 3 8 4 9 5 2 0 7 6],146879,[0 4 7 1 9 8 6 5 3 2],471108,[1 3 7 5 2 9 6 0 4 8],3087830,[8 4 5 6 3 9 2 1 0 7],2163077,[5 9 6 1 2 7 0 8 4 3]
47,1926794,[5 2 8 3 0 7 1 6 4 9],1747297,[4 8 2 6 7 9 0 1 5 3],3130786,[8 5 6 1 2 9 3 7 0 4],46598,[0 2 3 4 8 5 7 6 1 9],2317148,[6 3 4 8 1 5 9 2 0 7],2758674,[7 5 3 2 4 9 8 0 1 6],2433462,[6 7 2 8 5 9 1 0 3 4],2852523,[7 8 5 9 6 0 1 3 4 2],2796887,[7 6 2 9 4 1 8 5 3 0],2445437,[6 7 5 1 3 8 0 9 4 2]
48,2874682,[7 9 2 3 5 6 1 8 0 4],519996,[1 4 9 2 3 5 7 0 6 8],2729139,[7 4 6 3 2 9 0 5 8 1],3038127,[8 3 2 7 5 6 4 1 9 0],2552995,[7 0 3 5 8 9 6 1 4 2],2835753,[7 8 2 5 4 1 3 6 9 0],2481244,[6 8 4 2 1 0 3 9 5 7],3182596,[8 6 9 3 1 5 0 7 2 4],2590451,[7 1 2 9 8 0 4 6 5 3],1735373,[4 8 0 3 2 6 1 9 7 5]
49,2305450,[6 3 1 5 0 2 7 9 4 8],731246,[2 0 3 1 7 8 6 5 4 9],1869283,[5 1 3 9 2 4 8 0 7 6],2217771,[6 1 0 2 4 7 3 8 9 5],2380160,[6 5 0 2 8 7 3 4 1 9],476102,[1 3 8 5 2 6 7 4 0 9],1368409,[3 7 9 4 5 2 0 1 8 6],547545,[1 5 6 7 3 9 2 4 8 0],850226,[2 4 0 7 9 3 1 6 5 8],2844297,[7 8 4 2 3 5 1 6 9 0]
50,1466506,[4 0 3 9 7 8 2 6 1 5],808665,[2 3 0 6 1 9 5 7 8 4],520640,[1 4 9 3 0 7 5 6 2 8],953243,[2 6 7 0 9 5 3 8 4 1],2261234,[6 2 0 7 5 8 1 4 3 9],2977727,[8 1 7 6 5 2 9 4 3 0],764428,[2 0 9 6 7 3 1 8 4 5],1412890,[3 9 0 4 5 1 6 8 2 7],1970153,[5 3 8 9 1 7 4 6 2 0],574492,[1 6 2 9 8 4 0 7 3 5]
51,733545,[2 0 3 6 8 9 4 5 7 1],2067472,[5 7 2 1 4 9 6 8 0 3],1336051,[3 7 1 0 6 8 9 2 5 4],1998724,[5 4 6 7 0 1 2 9 3 8],2304378,[6 3 1 2 7 0 9 4 5 8],1779844,[4 9 1 2 0 3 5 8 6 7],2073683,[5 7 3 4 0 8 2 9 6 1],134694,[0 4 3 8 1 6 5 2 7 9],1825234,[5 0 3 2 1 6 7 9 4 8],3216735,[8 7 6 1 5 0 4 3 9 2]
52,2552456,[7 0 3 5 1 6 4 8 2 9],837287,[2 3 8 0 9 4 7 6 5 1],771516,[2 1 3 0 7 5 8 4 6 9],2704638,[7 4 0 6 3 8 2 1 5 9],1834665,[5 0 6 1 2 9 4 7 8 3],2311513,[6 3 2 7 4 8 0 1 9 5],3051081,[8 3 6 2 5 7 1 4 9 0],1213938,[3 4 0 9 1 2 8 5 6 7],1488856,[4 0 9 3 8 1 6 7 2 5],3450545,[9 4 5 6 2 3 7 8 1 0]
53,2850022,[7 8 5 3 2 0 9 6 1 4],592777,[1 6 7 5 2 9 0 3 8 4],1232365,[3 4 6 5 7 8 2 0 9 1],3273774,[9 0 2 5 8 4 3 1 6 7],3485391,[9 5 3 4 7 8 2 1 6 0],733255,[2 0 3 6 5 7 4 1 9 8],2308647,[6 3 2 0 5 8 7 4 9 1],51929,[0 2 4 5 1 8 7 9 6 3],3002115,[8 2 4 6 5 7 0 3 9 1],2160431,[5 9 4 6 3 2 8 7 1 0]
54,649681,[1 8 0 9 4 2 3 5 7 6],3430373,[9 4 0 6 3 5 1 8 7 2],3275409,[9 0 2 8 3 1 5 6 7 4],3227635,[8 9 0 3 6 7 5 1 4 2],3299095,[9 0 7 5 1 4 3 2 8 6],3118848,[8 5 2 7 6 3 0 1 4 9],3504245,[9 5 8 2 0 1 3 7 6 4],3146046,[8 6 0 2 5 1 4 3 7 9],3372569,[9 2 6 1 0 7 5 8 4 3],1697935,[4 7 0 9 2 5 3 1 8 6]
55,2377021,[6 4 9 5 2 3 7 0 8 1],3452418,[9 4 6 0 1 2 8 3 5 7],1591974,[4 3 5 9 0 6 2 1 7 8],1213879,[3 4 0 8 9 6 2 1 7 5],1167265,[3 1 9 6 2 4 0 5 8 7],2863447,[7 9 0 2 1 3 5 4 8 6],1131876,[3 1 0 7 2 5 8 4 6 9],2055763,[5 6 9 8 1 2 7 0 4 3],1337859,[3 7 1 5 0 9 2 6 8 4],1203136,[3 2 8 7 0 1 6 9 4 5]
56,790239,[2 1 6 8 5 3 7 4 9 0],684882,[1 8 9 7 2 3 6 0 4 5],2381799,[6 5 0 7 1 3 8 4 9 2],2313301,[6 3 2 9 8 4 5 0 7 1],2898772,[7 9 8 1 0 4 2 6 3 5],2388398,[6 5 1 9 2 3 7 4 0 8],2254758,[6 1 9 3 5 7 2 0 4 8],813941,[2 3 1 6 5 9 0 8 7 4],3033659,[8 3 1 9 4 5 2 7 6 0],514335,[1 4 8 0 5 2 7 6 9 3]
57,1578521,[4 3 1 2 6 5 8 9 7 0],241150,[0 6 9 7 8 3 5 4 1 2],1953408,[5 3 4 7 0 6 1 2 8 9],2198177,[6 0 5 2 1 3 8 9 7 4],1851758,[5 0 9 3 8 2 6 4 1 7],3144987,[8 6 0 1 2 4 3 7 9 5],736169,[2 0 4 1 6 8 7 9 5 3],3465666,[9 4 8 5 2 3 7 0 1 6],1292304,[3 6 0 4 9 2 1 5 7 8],2346355,[6 4 1 5 8 9 7 0 3 2]
58,3093668,[8 4 6 7 5 2 9 1 0 3],2567635,[7 0 6 4 1 9 8 2 5 3],1808448,[4 9 7 6 5 2 0 1 3 8],3088887,[8 4 5 9 0 6 3 2 7 1],1846447,[5 0 8 3 6 1 4 2 9 7],830487,[2 3 6 8 4 7 5 1 9 0],2335444,[6 3 9 2 7 0 1 8 4 5],1335623,[3 7 1 0 2 4 9 8 6 5],1986497,[5 4 2 1 0 3 8 9 7 6],3356629,[9 2 1 8 7 6 4 0 5 3]
59,3292617,[9 0 6 3 1 5 4 7 8 2],351651,[0 9 6 7 3 4 1 5 8 2],1924886,[5 2 7 9 3 6 4 1 0 8],1714654,[4 7 5 1 3 8 9 6 0 2],1034989,[2 8 6 3 4 9 5 0 7 1],512434,[1 4 7 6 8 2 3 9 0 5],2713963,[7 4 2 5 3 1 9 0 8 6],3241175,[8 9 3 0 5 6 7 4 2 1],1992906,[5 4 3 2 9 6 8 0 1 7],3074908,[8 4 2 0 7 3 1 9 5 6]
60,512702,[1 4 7 8 0 5 6 3 2 9],1372310,[3 8 0 2 9 7 5 4 1 6],1194859,[3 2 7 0 6 1 9 4 8 5],950328,[2 6 5 4 9 3 0 1 7 8],1608183,[4 3 9 0 6 5 7 2 8 1],2256203,[6 1 9 5 4 7 2 8 3 0],2385203,[6 5 1 2 8 7 3 9 4 0],561944,[1 5 9 4 3 8 2 6 0 7],445529,[1 3 0 5 8 7 6 9 4 2],325720,[0 9 1 6 4 3 7 8 2 5]
61,2104647,[5 8 1 6 0 7 4 3 9 2],210631,[0 6 2 8 5 3 4 1 9 7],360603,[0 9 8 4 7 1 2 5 6 3],2845191,[7 8 4 3 5 9 2 1 6 0],2805956,[7 6 4 8 0 9 5 2 1 3],2251221,[6 1 8 5 7 0 9 3 4 2],748059,[2 0 6 4 9 8 1 5 7 3],3165423,[8 6 4 0 3 5 7 2 9 1],1597288,[4 3 6 9 2 7 5 8 0 1],3171114,[8 6 5 1 2 9 7 0 3 4]
62,2224251,[6 1 2 4 3 7 0 8 9 5],2176051,[5 9 8 6 1 4 7 0 3 2],2821819,[7 6 9 8 1 0 5 2 4 3],2656637,[7 2 9 0 6 5 1 8 4 3],342046,[0 9 4 8 1 3 7 6 2 5],2327498,[6 3 7 8 4 9 0 2 1 5],1285336,[3 5 9 0 2 1 7 8 4 6],859932,[2 4 3 7 5 0 8 1 6 9],2847447,[7 8 4 9 5 3 2 1 6 0],1225690,[3 4 5 1 6 0 7 9 2 8]
63,2507445,[6 9 1 4 5 2 8 3 7 0],1391072,[3 8 5 0 1 4 6 7 2 9],783460,[2 1 5 6 0 9 3 8 4 7],681696,[1 8 9 2 6 7 0 3 4 5],2113631,[5 8 3 2 6 4 9 7 1 0],829956,[2 3 6 7 8 1 5 0 4 9],1620845,[4 5 1 7 2 0 3 9 8 6],2313166,[6 3 2 9 7 1 8 5 0 4],2613805,[7 1 8 5 2 6 4 0 9 3],2048108,[5 6 8 2 4 3 9 1 0 7]
64,1120760,[3 0 8 4 6 7 2 5 1 9],1975782,[5 4 0 1 2 9 6 3 7 8],2904155,[8 0 1 3 6 4 5 9 7 2],2876183,[7 9 2 5 6 0 8 4 3 1],2152032,[5 9 2 8 7 4 0 1 3 6],2566981,[7 0 6 3 2 5 8 1 9 4],1420183,[3 9 1 7 4 8 2 0 6 5],1435036,[3 9 5 7 0 6 1 8 2 4],2841055,[7 8 3 5 9 2 1 0 6 4],1305118,[3 6 2 9 5 8 7 4 0 1]
65,1048566,[2 9 0 1 5 3 6 4 7 8],1457607,[4 0 2 3 6 8 7 5 9 1],487026,[1 4 0 7 5 6 9 2 3 8],1367552,[3 7 9 2 4 1 5 6 0 8],1923219,[5 2 7 6 0 9 1 4 8 3],443973,[1 3 0 2 7 8 9 5 6 4],236420,[0 6 8 9 3 1 7 4 2 5],2269072,[6 2 3 1 5 9 7 8 0 4],631911,[1 7 6 3 5 9 4 2 8 0],1431006,[3 9 4 8 5 0 2 1 6 7]
66,2800100,[7 6 3 5 0 1 9 4 2 8],2788177,[7 6 1 2 4 9 0 3 8 5],3179599,[8 6 7 9 0 4 2 1 5 3],2086936,[5 7 8 0 4 1 6 9 2 3],738954,[2 0 4 7 3 9 8 1 5 6],1332120,[3 7 0 4 2 1 5 6 8 9],2181859,[6 0 1 9 4 2 8 3 7 5],2519105,[6 9 3 7 5 2 4 8 1 0],1242741,[3 4 8 6 0 1 9 5 7 2],3361624,[9 2 3 8 7 4 5 6 0 1]
67,2912142,[8 0 2 7 5 9 3 1 4 6],2359477,[6 4 5 1 0 3 8 2 9 7],893129,[2 5 1 3 6 8 7 9 4 0],711939,[1 9 6 2 7 8 0 4 5 3],2761034,[7 5 3 8 6 4 0 2 1 9],1584289,[4 3 2 5 6 7 0 1 9 8],2809639,[7 6 5 3 1 8 2 0 9 4],86821,[0 3 2 4 7 6 8 1 9 5],2314601,[6 3 4 1 8 2 7 9 5 0],263303,[0 7 5 2 8 1 9 6 4 3]
68,2374932,[6 4 9 1 5 0 7 2 3 8],2859004,[7 8 9 1 6 0 2 5 3 4],2683233,[7 3 5 2 8 1 4 6 9 0],2223888,[6 1 2 3 8 5 0 4 7 9],1754003,[4 8 5 0 1 7 3 9 6 2],3036246,[8 3 2 5 0 1 6 4 7 9],198717,[0 5 9 3 8 7 6 2 4 1],2923703,[8 0 5 1 7 2 9 6 4 3],1653505,[4 6 0 1 7 3 2 5 9 8],2098894,[5 8 0 4 1 7 9 6 2 3]
69,1752358,[4 8 3 6 7 9 5 2 0 1],3200973,[8 7 3 0 6 5 9 2 4 1],861905,[2 4 5 0 1 7 8 9 6 3],3485177,[9 5 3 4 6 0 7 8 2 1],2662104,[7 3 0 2 5 4 1 6 8 9],277609,[0 7 9 1 5 4 2 3 8 6],940273,[2 6 3 5 9 7 0 1 8 4],3430088,[9 4 0 6 1 2 5 7 3 8],3119955,[8 5 3 0 2 7 1 6 9 4],1972275,[5 3 9 2 1 7 0 6 8 4]
70,372944,[1 0 3 9 8 7 4 5 2 6],890029,[2 5 0 7 1 9 6 3 8 4],2533031,[6 9 7 4 0 3 8 5 2 1],962365,[2 6 8 9 4 5 3 0 7 1],2889960,[7 9 5 2 8 0 1 3 4 6],2215899,[6 0 9 5 4 8 1 3 7 2],377998,[1 0 4 9 8 7 6 5 2 3],3358627,[9 2 3 4 7 5 8 0 6 1],703454,[1 9 4 6 0 2 7 5 3 8],2561983,[7 0 5 3 2 9 4 1 8 6]
71,3430615,[9 4 0 6 7 3 2 1 8 5],1085109,[2 9 8 3 0 5 7 4 6 1],3395577,[9 3 1 7 0 5 4 6 8 2],2923725,[8 0 5 1 7 3 9 4 6 2],548862,[1 5 6 9 2 8 3 0 4 7],2720323,[7 4 3 8 1 2 9 0 6 5],637986,[1 7 8 5 0 4 9 2 3 6],1278273,[3 5 7 6 2 1 4 8 9 0],1599112,[4 3 7 1 9 8 5 6 0 2],1842534,[5 0 7 6 1 4 3 2 8 9]
72,844519,[2 3 9 5 8 6 1 0 7 4],2250191,[6 1 8 4 2 5 9 7 3 0],817665,[2 3 4 1 7 9 5 6 8 0],537910,[1 5 3 8 0 6 9 7 2 4],1509183,[4 1 5 6 0 7 8 3 9 2],1256820,[3 5 1 4 7 6 8 0 2 9],1093196,[3 0 1 9 4 8 7 5 2 6],30744,[0 1 8 2 7 4 3 5 6 9],2865056,[7 9 0 4 2 5 3 6 1 8],416835,[1 2 4 7 9 6 0 5 8 3]
73,1269461,[3 5 4 9 0 8 1 7 6 2],303884,[0 8 5 3 1 4 9 6 2 7],210298,[0 6 2 8 1 5 4 9 3 7],1874637,[5 1 4 9 6 8 7 2 3 0],1048617,[2 9 0 1 5 6 4 7 8 3],1366047,[3 7 9 0 2 6 5 4 8 1],1575510,[4 3 0 7 2 5 6 1 8 9],665337,[1 8 5 0 2 6 4 7 9 3],1021478,[2 8 3 6 7 1 5 4 0 9],2287203,[6 2 7 8 5 0 1 4 9 3]
74,2777624,[7 5 9 0 6 8 2 3 1 4],485378,[1 4 0 5 2 9 3 7 6 8],3188624,[8 7 0 5 4 9 2 3 1 6],1742766,[4 8 1 7 5 0 3 2 6 9],2092994,[5 7 9 1 8 4 0 3 2 6],1007127,[2 7 9 6 5 4 3 1 8 0],742885,[2 0 5 4 8 7 6 1 9 3],1794514,[4 9 5 0 3 2 6 8 1 7],2576142,[7 0 9 1 8 6 3 2 4 5],1435262,[3 9 5 7 2 4 6 1 0 8]
75,2620797,[7 1 9 8 6 5 4 2 3 0],3398326,[9 3 2 1 8 4 7 6 0 5],2790645,[7 6 1 5 9 2 8 3 4 0],418014,[1 2 4 9 6 5 3 0 7 8],2649011,[7 2 6 5 1 0 4 9 8 3],2075111,[5 7 3 8 0 4 9 6 2 1],3023950,[8 2 9 7 6 3 5 4 0 1],2574381,[7 0 8 6 4 1 9 3 5 2],840938,[2 3 8 7 9 6 0 4 1 5],2719587,[7 4 3 6 1 2 0 8 9 5]
76,2177318,[6 0 1 2 3 5 8 7 4 9],605496,[1 7 0 2 9 8 3 4 5 6],2747685,[7 5 1 2 3 4 9 6 8 0],3189826,[8 7 0 9 2 6 3 5 1 4],3535277,[9 6 5 3 0 7 1 8 4 2],2346277,[6 4 1 5 8 2 7 0 9 3],1932682,[5 2 9 4 1 7 3 8 0 6],3017653,[8 2 7 6 1 0 5 3 9 4],2322658,[6 3 5 8 9 2 1 7 0 4],3423614,[9 3 8 2 0 1 6 5 4 7]
77,2677422,[7 3 4 1 6 9 2 0 5 8],1714570,[4 7 5 1 3 0 6 9 2 8],2194990,[6 0 4 5 7 3 9 8 1 2],3530968,[9 6 4 5 0 7 3 8 1 2],2341193,[6 4 0 5 7 9 3 8 2 1],2592603,[7 1 3 4 9 0 2 6 8 5],371030,[1 0 3 7 4 9 6 5 2 8],1637627,[4 5 6 9 2 8 1 7 3 0],1087302,[2 9 8 6 0 7 3 1 4 5],1816801,[5 0 1 6 4 2 3 7 9 8]
78,203504,[0 6 1 4 7 9 3 5 2 8],1599450,[4 3 7 2 5 8 9 0 1 6],1944288,[5 3 1 8 4 6 0 2 7 9],2353082,[6 4 2 9 1 0 3 7 5 8],2641686,[7 2 5 1 0 3 6 4 8 9],2523608,[6 9 4 7 0 1 3 5 2 8],855686,[2 4 1 8 5 7 6 3 0 9],2498930,[6 8 9 5 4 2 0 3 1 7],2253540,[6 1 9 0 8 4 5 2 3 7],1516133,[4 1 6 8 7 3 0 9 5 2]
79,2938224,[8 0 7 9 6 2 1 3 4 5],2529077,[6 9 5 7 3 4 0 8 2 1],534366,[1 5 3 0 4 2 7 6 8 9],300272,[0 8 4 6 1 3 5 7 2 9],1841348,[5 0 7 3 4 6 9 2 1 8],603753,[1 6 9 7 4 2 3 5 8 0],2614673,[7 1 8 6 3 9 4 5 2 0],301251,[0 8 4 7 3 5 1 6 9 2],181914,[0 5 6 1 7 9 8 2 3 4],2766140,[7 5 4 8 9 0 6 2 1 3]
80,2613886,[7 1 8 5 3 2 9 6 0 4],1150330,[3 1 6 2 8 0 5 9 4 7],2390144,[6 5 2 1 7 9 3 4 0 8],186064,[0 5 6 9 3 4 7 8 1 2],1561223,[4 2 7 8 3 0 9 6 5 1],2996481,[8 2 3 5 7 6 1 4 9 0],3166930,[8 6 4 2 5 0 3 9 1 7],2529465,[6 9 5 8 0 7 2 3 4 1],2105780,[5 8 1 7 6 0 9 3 2 4],283628,[0 8 1 3 9 5 7 4 2 6]
81,2908320,[8 0 2 1 5 3 4 6 7 9],640768,[1 7 9 0 8 5 4 6 2 3],1291789,[3 6 0 4 1 9 7 2 8 5],71049,[0 2 8 1 7 3 5 6 9 4],1316474,[3 6 7 1 4 8 0 5 2 9],143755,[0 4 6 5 7 9 8 1 3 2],1021487,[2 8 3 6 7 1 9 5 4 0],1071630,[2 9 5 6 3 1 4 0 7 8],1855645,[5 1 0 3 4 8 7 2 9 6],2255820,[6 1 9 5 0 4 7 2 3 8]
82,2132485,[5 8 9 0 6 4 3 1 7 2],1464302,[4 0 3 6 8 5 7 2 1 9],2920355,[8 0 4 5 1 3 6 9 7 2],672164,[1 8 6 3 5 2 9 4 0 7],3477761,[9 5 2 0 3 4 7 8 6 1],1398293,[3 8 6 4 0 5 1 9 7 2],2365649,[6 4 7 2 5 8 3 9 1 0],2517906,[6 9 3 5 0 4 8 1 2 7],2096292,[5 7 9 8 3 0 4 1 2 6],1951706,[5 3 4 1 8 2 0 7 6 9]
83,1221317,[3 4 2 5 1 8 0 9 7 6],1407585,[3 8 9 1 7 6 2 4 5 0],3489992,[9 5 4 3 1 2 6 7 0 8],1752647,[4 8 3 7 1 2 9 6 5 0],2698719,[7 3 9 4 1 2 6 5 8 0],512185,[1 4 7 6 3 2 0 5 9 8],908575,[2 5 6 1 9 4 3 0 8 7],3182388,[8 6 9 2 7 5 3 0 1 4],1889775,[5 1 8 9 6 0 4 3 7 2],1073996,[2 9 6 0 5 8 7 3 1 4]
84,1055645,[2 9 1 5 3 0 4 8 7 6],930543,[2 6 0 7 4 5 8 3 9 1],186124,[0 5 6 9 4 1 2 8 3 7],167318,[0 5 2 3 6 4 8 7 1 9],358913,[0 9 8 2 4 7 5 6 3 1],1779484,[4 9 1 0 6 2 3 8 5 7],3594669,[9 8 1 2 5 4 7 3 6 0],169749,[0 5 2 7 8 4 9 3 6 1],2765365,[7 5 4 6 8 3 2 0 9 1],830563,[2 3 6 8 5 1 9 0 7 4]
85,1242110,[3 4 8 5 0 9 6 2 1 7],2060060,[5 7 0 8 2 1 9 4 3 6],1529632,[4 1 9 5 3 8 6 7 0 2],1045034,[2 8 9 3 4 6 0 5 1 7],2440296,[6 7 4 1 2 9 0 3 5 8],3145609,[8 6 0 1 9 4 2 3 7 5],3129454,[8 5 4 9 2 6 7 3 0 1],3039010,[8 3 2 9 7 0 4 6 1 5],2603149,[7 1 5 4 3 9 6 0 8 2],2228938,[6 1 3 2 8 5 4 9 0 7]
86,1376507,[3 8 1 0 7 9 4 6 5 2],2536398,[6 9 8 1 5 4 2 0 3 7],2496843,[6 8 9 2 7 0 1 4 5 3],3036453,[8 3 2 5 1 7 9 4 6 0],2495590,[6 8 9 1 0 4 7 5 2 3],441893,[1 2 9 6 7 4 0 8 5 3],1346699,[3 7 4 1 5 6 2 9 8 0],3465968,[9 4 8 5 7 0 2 3 1 6],714099,[1 9 6 5 7 8 0 3 4 2],2501042,[6 9 0 2 7 1 3 5 4 8]
87,818422,[2 3 4 5 8 0 9 7 1 6],405244,[1 2 0 5 9 3 4 8 6 7],1540798,[4 2 1 7 9 8 6 5 0 3],655568,[1 8 3 0 6 2 5 7 4 9],937929,[2 6 3 0 8 1 5 7 9 4],1585558,[4 3 2 7 0 9 8 6 1 5],1835187,[5 0 6 1 9 3 2 7 8 4],2884111,[7 9 4 1 6 2 3 0 8 5],3237408,[8 9 2 3 4 5 0 1 6 7],3366678,[9 2 4 8 7 5 1 0 3 6]
88,1566897,[4 2 8 9 1 5 3 6 7 0],1919536,[5 2 6 9 0 1 7 8 3 4],1279222,[3 5 7 8 6 0 9 4 1 2],11698,[0 1 4 5 3 7 6 9 2 8],161755,[0 5 1 2 7 9 8 3 6 4],81866,[0 3 1 4 8 5 2 7 6 9],3361496,[9 2 3 8 6 4 1 5 0 7],2511245,[6 9 2 1 8 0 3 7 5 4],724496,[1 9 8 6 2 4 3 5 0 7],2368133,[6 4 7 9 0 3 1 8 5 2]
89,1964498,[5 3 7 8 2 9 0 4 1 6],2501500,[6 9 0 3 2 8 1 7 4 5],1485441,[4 0 8 7 1 6 3 5 9 2],2611781,[7 1 8 2 4 9 0 6 5 3],2991391,[8 2 1 5 7 3 4 0 9 6],992433,[2 7 5 9 3 1 4 6 8 0],792690,[2 1 7 3 9 6 8 0 4 5],104230,[0 3 6 7 8 4 9 5 1 2],1838937,[5 0 6 9 1 4 3 7 8 2],706437,[1 9 5 2 0 8 7 4 6 3]
90,1883585,[5 1 7 8 0 4 6 9 3 2],2125429,[5 8 6 4 9 7 2 0 3 1],842316,[2 3 9 0 8 4 6 1 5 7],460998,[1 3 5 6 2 8 4 0 7 9],514878,[1 4 8 2 0 7 5 3 6 9],3049087,[8 3 5 9 7 0 2 1 6 4],2636810,[7 2 4 1 3 6 0 8 5 9],2440265,[6 7 4 1 2 5 8 9 3 0],3374125,[9 2 6 4 1 7 5 0 8 3],1735800,[4 8 0 3 9 1 2 5 6 7]
91,965203,[2 6 9 4 5 1 8 0 7 3],589730,[1 6 7 0 2 5 3 8 4 9],1625399,[4 5 2 6 3 9 8 7 1 0],2214176,[6 0 9 3 2 5 4 7 1 8],594375,[1 6 7 9 4 0 5 3 8 2],1280612,[3 5 8 0 6 7 9 2 1 4],2521863,[6 9 4 2 5 3 7 1 8 0],2990102,[8 2 1 3 9 5 6 4 0 7],925143,[2 5 9 4 8 3 6 1 7 0],200101,[0 5 9 6 8 3 4 1 7 2]
92,553083,[1 5 7 8 2 0 3 6 9 4],3570238,[9 7 4 2 5 8 6 3 0 1],1878819,[5 1 6 8 3 9 0 4 7 2],2997622,[8 2 3 7 4 0 9 6 1 5],1753497,[4 8 3 9 2 5 1 6 7 0],574835,[1 6 3 0 5 4 7 9 8 2],309415,[0 8 6 3 7 4 2 1 9 5],1401607,[3 8 7 0 6 1 4 2 9 5],2915612,[8 0 3 5 4 7 9 2 1 6],123285,[0 4 1 6 3 5 9 7 8 2]
93,1865732,[5 1 3 2 4 8 9 6 0 7],1089541,[3 0 1 4 5 7 8 2 9 6],2031978,[5 6 3 1 2 0 9 4 7 8],2957970,[8 1 3 9 2 6 7 0 4 5],1824403,[5 0 2 9 8 3 7 1 6 4],570481,[1 6 2 3 5 0 4 7 9 8],1190500,[3 2 6 1 5 9 0 8 4 7],3360259,[9 2 3 7 0 1 8 4 6 5],1630783,[4 5 3 6 9 8 1 0 7 2],2974723,[8 1 7 2 5 3 9 0 6 4]
94,1004763,[2 7 9 3 5 0 1 6 8 4],2473126,[6 8 2 5 9 1 7 4 0 3],1729533,[4 7 9 1 0 6 8 3 5 2],1144633,[3 1 5 0 8 7 2 4 9 6],1692872,[4 6 9 8 1 2 3 5 0 7],1547972,[4 2 5 0 9 7 8 3 1 6],707706,[1 9 5 3 8 4 7 0 2 6],791671,[2 1 7 0 6 4 5 3 9 8],2697418,[7 3 9 1 4 5 2 8 0 6],1015028,[2 8 1 4 7 5 9 3 0 6]
95,2013566,[5 4 9 3 6 7 2 1 0 8],2350296,[6 4 2 3 1 9 0 5 7 8],1983961,[5 4 1 7 6 0 2 3 9 8],1301959,[3 6 2 4 1 8 5 0 9 7],1617459,[4 5 0 9 3 8 1 6 7 2],1630445,[4 5 3 6 7 0 1 9 8 2],1082777,[2 9 7 6 8 0 4 5 3 1],1041525,[2 8 7 5 4 1 9 3 6 0],1435882,[3 9 5 8 1 6 2 7 0 4],2720357,[7 4 3 8 1 6 0 9 5 2]
96,2034155,[5 6 3 7 1 2 4 9 8 0],2275018,[6 2 4 3 8 5 1 9 0 7],1065352,[2 9 4 3 6 8 5 7 0 1],2980767,[8 1 9 3 7 5 4 2 6 0],1917357,[5 2 6 3 9 8 7 1 4 0],2674520,[7 3 2 6 5 8 1 4 0 9],2315247,[6 3 4 2 7 8 5 1 9 0],2511568,[6 9 2 3 1 7 5 8 0 4],3213473,[8 7 5 4 0 9 3 6 2 1],1561512,[4 2 7 8 6 5 0 1 3 9]
97,3266250,[9 0 1 2 5 7 8 3 4 6],3226142,[8 9 0 1 6 4 5 3 2 7],833975,[2 3 7 5 1 8 9 6 4 0],1170381,[3 2 0 4 7 1 9 6 8 5],1180303,[3 2 4 1 5 9 6 0 8 7],3140053,[8 5 9 0 2 1 6 3 7 4],235576,[0 6 8 7 2 1 5 9 3 4],1359728,[3 7 6 8 4 0 2 5 1 9],2479244,[6 8 3 9 2 1 7 4 0 5],1403118,[3 8 7 2 6 5 1 0 4 9]
98,342187,[0 9 4 8 2 5 7 1 6 3],2796997,[7 6 2 9 5 1 4 0 8 3],3536611,[9 6 5 4 8 3 7 0 2 1],2070186,[5 7 2 8 1 4 9 0 3 6],3382441,[9 2 8 0 7 1 3 4 6 5],2468931,[6 8 1 9 0 4 2 5 7 3],3213352,[8 7 5 3 9 6 2 4 0 1],452376,[1 3 2 8 4 9 0 5 6 7],910144,[2 5 6 7 0 4 8 9 1 3],25380,[0 1 7 2 4 6 8 3 5 9]
99,1696748,[4 7 0 6 5 3 9 2 1 8],1752791,[4 8 3 7 2 5 9 6 1 0],3445738,[9 4 3 6 7 2 1 8 0 5],1298218,[3 6 1 7 0 5 4 9 2 8],1979136,[5 4 0 7 8 9 1 2 3 6],747604,[2 0 6 4 5 1 3 9 7 8],2537048,[6 9 8 2 5 0 3 4 1 7],589714,[1 6 7 0 2 4 5 9 3 8],626703,[1 7 5 3 4 6 8 2 9 0],3284411,[9 0 4 6 7 1 3 8 5 2]
100,3247798,[8 9 4 2 6 7 5 3 0 1],1753060,[4 8 3 7 6 9 0 5 1 2],3332921,[9 1 6 3 0 4 7 8 5 2],2824966,[7 8 0 4 5 2 9 6 1 3],2865669,[7 9 0 5 1 4 8 3 6 2],2803779,[7 6 4 2 0 9 1 5 8 3],3127007,[8 5 4 3 0 2 9 7 6 1],2114961,[5 8 3 6 2 7 1 4 9 0],614323,[1 7 2 9 3 4 8 0 6 5],789593,[2 1 6 7 5 9 4 8 3 0]
1,731592,[2 0 3 4 1 8 5 6 7 9],295726,[0 8 3 6 7 2 9 5 1 4],893368,[2 5 1 3 8 7 6 9 0 4],128831,[0 4 2 6 9 5 8 7 3 1],1166541,[3 1 9 5 2 0 8 6 7 4],591564,[1 6 7 3 5 8 4 0 2 9],2801425,[7 6 3 8 9 1 0 2 5 4],3200069,[8 7 2 9 4 1 0 6 5 3],431530,[1 2 7 6 4 0 5 9 3 8],1904936,[5 2 1 9 7 4 3 6 0 8]
2,3108290,[8 5 0 7 1 4 2 6 3 9],2478302,[6 8 3 7 0 4 5 2 1 9],38449,[0 1 9 6 4 5 2 3 8 7],1623466,[4 5 2 0 8 9 3 7 1 6],557289,[1 5 8 6 0 2 4 7 9 3],3312652,[9 1 2 3 8 5 0 7 4 6],1644237,[4 5 8 1 6 9 7 2 3 0],3513177,[9 6 1 0 4 5 3 7 8 2],61377,[0 2 6 3 4 7 5 8 9 1],351704,[0 9 6 7 3 8 2 4 1 5]
3,1122528,[3 0 8 7 1 5 2 4 6 9],130960,[0 4 2 9 8 3 6 7 1 5],1876954,[5 1 6 3 9 2 4 8 0 7],3115668,[8 5 2 1 3 9 6 0 4 7],3469523,[9 5 0 3 7 6 2 8 4 1],320635,[0 8 9 5 2 7 6 1 4 3],854899,[2 4 1 7 5 0 9 3 8 6],3336864,[9 1 7 0 5 3 2 4 6 8],3050816,[8 3 6 2 1 5 4 7 0 9],3324484,[9 1 4 6 3 0 2 8 5 7]
4,1932710,[5 2 9 4 1 8 6 3 0 7],1530497,[4 1 9 6 7 0 5 8 3 2],2902196,[7 9 8 5 4 6 3 1 0 2],1261901,[3 5 2 4 7 9 0 8 6 1],3068832,[8 4 0 9 2 6 1 3 5 7],2632221,[7 2 3 1 9 0 8 5 6 4],2608154,[7 1 6 4 3 8 0 5 2 9],321815,[0 8 9 6 7 4 5 3 2 1],3433548,[9 4 1 2 7 8 5 0 3 6],287476,[0 8 2 1 4 7 3 9 5 6]
5,1592319,[4 3 5 9 6 1 7 2 8 0],1412836,[3 9 0 4 2 7 1 8 5 6],691007,[1 9 2 0 7 4 8 6 5 3],1592237,[4 3 5 9 2 7 0 8 6 1],1689661,[4 6 9 1 7 3 5 0 8 2],1442594,[3 9 7 1 5 6 0 4 2 8],3472122,[9 5 0 8 3 2 7 1 4 6],150244,[0 4 7 8 6 1 2 9 3 5],833717,[2 3 7 4 9 6 0 8 5 1],2293343,[6 2 9 0 3 1 8 7 5 4]
6,3445455,[9 4 3 6 2 0 7 5 8 1],3407291,[9 3 5 0 4 1 6 8 7 2],528106,[1 5 0 8 4 9 3 7 2 6],1467308,[4 0 5 1 9 6 8 3 2 7],325240,[0 9 1 5 7 3 6 8 2 4],397333,[1 0 8 7 9 2 5 3 6 4],2618077,[7 1 9 4 2 3 6 0 8 5],3480406,[9 5 2 4 8 1 7 6 0 3],2540497,[7 0 1 2 5 9 3 4 8 6],2805062,[7 6 4 3 9 2 5 1 0 8]
7,1283199,[3 5 8 6 1 2 7 4 9 0],3056606,[8 3 7 4 1 6 5 2 0 9],495811,[1 4 3 5 7 8 9 0 6 2],836496,[2 3 7 9 6 8 0 1 4 5],1762848,[4 8 6 7 2 3 0 1 5 9],1977561,[5 4 0 3 7 8 2 6 9 1],2509553,[6 9 1 8 3 7 4 5 2 0],3035756,[8 3 2 4 1 9 7 5 0 6],1305576,[3 6 4 0 2 9 1 5 7 8],1168504,[3 1 9 7 8 4 5 6 0 2]
8,72603,[0 2 8 4 9 1 3 6 7 5],3482610,[9 5 2 8 7 4 6 0 1 3],1609686,[4 3 9 2 7 0 5 1 6 8],1537503,[4 2 1 0 6 7 8 5 9 3],1414806,[3 9 0 7 1 2 5 4 6 8],1426127,[3 9 2 8 6 1 7 5 4 0],1224884,[3 4 5 0 2 6 9 7 1 8],3172684,[8 6 5 3 4 0 1 9 2 7],778785,[2 1 4 6 7 9 3 5 8 0],730331,[2 0 1 9 5 3 6 8 7 4]
9,1585312,[4 3 2 6 8 9 5 7 0 1],1657233,[4 6 0 8 7 2 3 5 9 1],494485,[1 4 3 0 8 7 6 2 9 5],2816115,[7 6 8 5 1 4 0 3 9 2],470350,[1 3 7 4 2 6 9 8 0 5],656261,[1 8 3 2 5 9 0 7 6 4],1636742,[4 5 6 8 1 3 7 2 0 9],834973,[2 3 7 6 8 0 5 1 9 4],3008749,[8 2 5 9 6 7 3 0 4 1],2539734,[6 9 8 7 2 3 1 0 4 5]
10,199908,[0 5 9 6 4 8 3 1 2 7],2368633,[6 4 7 9 5 3 0 1 8 2],2410234,[6 5 8 1 4 2 3 9 0 7],1586771,[4 3 2 8 9 0 5 7 6 1],1210621,[3 4 0 2 6 7 8 1 9 5],1182828,[3 2 4 7 8 9 5 0 1 6],1316231,[3 6 7 1 0 5 9 8 4 2],2622466,[7 2 0 4 3 9 5 8 1 6],2595520,[7 1 3 9 8 2 5 6 0 4],1340907,[3 7 2 0 5 4 1 8 9 6]
11,1669246,[4 6 3 1 5 2 9 8 0 7],2913624,[8 0 3 1 7 4 2 5 6 9],299194,[0 8 4 3 6 2 5 9 1 7],2345052,[6 4 1 3 0 2 8 5 7 9],562855,[1 5 9 6 7 3 2 0 8 4],3386018,[9 2 8 6 5 7 0 3 1 4],1650627,[4 5 9 3 6 1 0 7 8 2],2567559,[7 0 6 4 1 3 8 5 9 2],2916202,[8 0 3 6 2 7 4 9 1 5],2258919,[6 2 0 3 5 4 8 7 9 1]
12,1375222,[3 8 0 9 1 2 7 6 4 5],330980,[0 9 2 6 7 1 8 4 3 5],476882,[1 3 8 6 4 0 2 7 5 9],3407814,[9 3 5 1 0 6 4 2 7 8],2788704,[7 6 1 3 2 4 0 5 8 9],1078619,[2 9 7 0 1 5 4 8 6 3],1997520,[5 4 6 2 3 0 1 7 8 9],439901,[1 2 9 3 8 7 0 6 5 4],2619084,[7 1 9 5 4 6 3 0 2 8],835383,[2 3 7 8 1 5 6 4 9 0]
13,155649,[0 4 8 9 2 1 5 6 7 3],1650723,[4 5 9 3 7 0 1 6 8 2],1283803,[3 5 8 7 0 2 9 1 6 4],3064421,[8 4 0 1 2 9 3 7 6 5],1115335,[3 0 7 4 1 6 5 2 9 8],3363490,[9 2 4 3 6 0 5 8 1 7],3319335,[9 1 3 6 2 0 7 5 8 4],2549985,[7 0 2 9 5 8 3 4 6 1],265202,[0 7 5 6 3 1 2 8 4 9],595651,[1 6 8 2 3 7 9 0 5 4]
14,678935,[1 8 7 5 9 4 6 3 2 0],890602,[2 5 0 7 9 6 3 8 1 4],3100687,[8 4 9 1 5 0 3 2 7 6],1575980,[4 3 0 7 9 1 8 5 2 6],2125263,[5 8 6 4 7 2 3 1 9 0],1815307,[5 0 1 3 4 7 9 2 8 6],3145597,[8 6 0 1 9 3 5 2 7 4],694928,[1 9 2 8 3 0 5 6 4 7],3467445,[9 4 8 7 6 1 5 2 3 0],2796441,[7 6 2 8 9 4 1 3 5 0]
15,1160810,[3 1 8 4 2 6 0 7 5 9],2858467,[7 8 9 1 0 4 6 2 5 3],3469015,[9 5 0 3 1 6 4 2 8 7],696638,[1 9 3 2 6 4 7 5 0 8],828726,[2 3 6 5 0 1 7 4 8 9],1034039,[2 8 6 1 0 9 7 5 4 3],869725,[2 4 6 5 9 7 3 0 8 1],896952,[2 5 1 9 7 6 0 3 4 8],2508000,[6 9 1 5 3 0 2 4 7 8],1631285,[4 5 3 7 8 0 1 9 6 2]
16,3528590,[9 6 4 0 7 8 3 2 1 5],435609,[1 2 8 5 0 3 6 7 9 4],780709,[2 1 4 9 3 8 6 0 7 5],2179521,[6 0 1 5 2 8 4 7 9 3],2906828,[8 0 1 7 3 5 9 4 2 6],1949516,[5 3 2 8 6 9 7 1 0 4],2644234,[7 2 5 6 4 1 3 9 0 8],759121,[2 0 8 6 4 1 3 5 9 7],3081316,[8 4 3 2 6 7 0 9 1 5],1224570,[3 4 2 9 7 6 8 0 1 5]
17,1003139,[2 7 9 0 3 5 4 8 6 1],1894355,[5 1 9 8 0 3 4 7 6 2],2897771,[7 9 6 8 4 0 2 5 3 1],910485,[2 5 6 7 4 1 9 3 8 0],1680710,[4 6 7 3 1 9 5 2 0 8],594313,[1 6 7 9 3 5 0 2 8 4],3221803,[8 7 9 1 5 2 6 0 4 3],457963,[1 3 4 9 0 5 8 2 7 6],247087,[0 7 2 1 4 3 6 5 9 8],106392,[0 3 7 1 8 6 2 4 5 9]
18,1452005,[4 0 1 2 8 3 5 9 7 6],3129480,[8 5 4 9 3 0 1 2 6 7],12142,[0 1 4 5 9 2 8 7 3 6],524275,[1 5 0 2 3 9 8 4 7 6],1352110,[3 7 5 1 9 4 8 6 0 2],2714782,[7 4 2 6 5 0 9 8 1 3],1616949,[4 5 0 8 7 3 9 2 6 1],358493,[0 9 8 1 7 4 2 6 5 3],3428759,[9 4 0 3 1 8 7 6 5 2],1222707,[3 4 2 7 1 5 0 8 9 6]
19,3435078,[9 4 1 5 8 6 2 0 3 7],3505731,[9 5 8 4 0 3 1 6 7 2],1384243,[3 8 2 6 5 1 9 0 7 4],1837643,[5 0 6 7 2 8 3 9 4 1],3290368,[9 0 5 7 8 4 3 6 1 2],3011596,[8 2 6 4 7 5 0 9 1 3],951072,[2 6 5 7 9 4 0 1 3 8],1980382,[5 4 0 9 6 1 8 7 2 3],966852,[2 6 9 7 8 0 4 1 3 5],2637565,[7 2 4 3 1 8 6 0 9 5]
20,3228488,[8 9 0 5 1 2 4 6 3 7],403996,[1 2 0 4 3 8 5 9 6 7],1556128,[4 2 6 8 1 7 5 9 0 3],1893818,[5 1 9 7 2 8 0 4 3 6],3006262,[8 2 5 4 3 0 9 7 1 6],3588144,[9 7 8 6 3 1 0 2 4 5],1006759,[2 7 9 6 1 5 3 0 8 4],2387461,[6 5 1 7 9 3 4 0 8 2],1122571,[3 0 8 7 1 6 9 2 5 4],2491350,[6 8 7 2 1 3 4 0 5 9]
21,1981883,[5 4 1 2 7 8 3 9 6 0],218925,[0 6 4 5 1 3 9 7 8 2],1648521,[4 5 9 0 6 7 2 3 8 1],1437863,[3 9 6 2 0 1 8 7 5 4],921460,[2 5 8 7 6 9 0 4 1 3],1446561,[3 9 8 0 1 6 4 5 7 2],259369,[0 7 4 5 2 6 1 3 9 8],3219350,[8 7 6 5 1 9 3 2 0 4],1585653,[4 3 2 7 1 8 9 5 6 0],3556331,[9 7 1 5 3 0 4 8 6 2]
22,1345449,[3 7 2 9 6 0 4 5 8 1],1249340,[3 4 9 8 1 0 7 5 2 6],3179851,[8 6 7 9 2 4 5 0 3 1],398898,[1 0 9 3 2 4 8 5 6 7],1802354,[4 9 6 5 1 7 0 3 2 8],2087800,[5 7 8 1 6 2 4 9 0 3],3046707,[8 3 5 4 6 1 0 7 9 2],2421060,[6 7 0 3 5 4 8 1 2 9],1834338,[5 0 4 9 7 1 8 2 3 6],1456555,[4 0 1 9 8 7 6 2 5 3]
23,410639,[1 2 3 6 4 9 8 7 5 0],1331776,[3 7 0 2 8 1 6 9 4 5],1207512,[3 2 9 6 0 7 1 4 5 8],3174825,[8 6 5 9 2 7 1 3 4 0],2341245,[6 4 0 5 8 2 9 3 7 1],2328680,[6 3 8 0 2 7 4 5 1 9],1523064,[4 1 8 2 5 3 0 6 7 9],1621295,[4 5 1 7 8 6 9 3 2 0],3394887,[9 3 1 6 0 7 5 4 8 2],1397619,[3 8 6 2 0 9 1 5 7 4]
24,3425201,[9 3 8 5 1 2 6 7 4 0],613737,[1 7 2 8 4 5 3 6 9 0],466413,[1 3 6 5 8 7 9 2 4 0],3030673,[8 3 1 4 2 7 0 5 9 6],2056548,[5 7 0 1 3 9 6 2 4 8],1997525,[5 4 6 2 3 0 1 9 8 7],2180859,[6 0 1 7 9 8 2 4 5 3],416814,[1 2 4 7 9 5 3 0 6 8],3326150,[9 1 4 8 5 7 3 2 0 6],21611,[0 1 6 4 2 3 7 9 8 5]
25,2964169,[8 1 5 0 9 4 2 3 7 6],3289710,[9 0 5 7 1 3 4 2 6 8],917353,[2 5 8 0 1 7 3 4 9 6],2310907,[6 3 2 5 7 4 9 0 8 1],2363901,[6 4 7 0 2 1 9 5 8 3],1796512,[4 9 5 3 0 8 6 7 1 2],2858081,[7 8 9 0 4 2 5 6 3 1],1038112,[2 8 6 9 5 7 3 4 0 1],983069,[2 7 4 0 5 3 1 9 8 6],2503999,[6 9 0 7 5 4 2 1 8 3]
26,2877736,[7 9 2 8 6 0 4 5 1 3],1065337,[2 9 4 3 6 8 0 1 7 5],1526479,[4 1 8 9 0 6 3 2 7 5],3488822,[9 5 4 1 6 3 7 2 0 8],2419116,[6 5 9 8 7 1 3 0 2 4],138839,[0 4 5 6 8 9 7 3 2 1],3269994,[9 0 1 7 5 8 6 2 3 4],1283304,[3 5 8 6 2 1 0 4 7 9],2263820,[6 2 1 3 4 0 9 7 5 8],1707733,[4 7 2 8 9 0 5 1 6 3]
27,2535216,[6 9 8 0 1 7 2 3 4 5],72615,[0 2 8 4 9 1 6 5 7 3],2351631,[6 4 2 7 0 9 5 3 8 1],1142659,[3 1 4 8 0 2 9 5 7 6],3263412,[8 9 7 3 4 0 5 1 2 6],2903885,[8 0 1 3 4 2 5 9 7 6],2019734,[5 6 0 8 2 1 7 4 3 9],1628123,[4 5 3 0 2 8 6 9 7 1],1258369,[3 5 1 7 8 4 0 2 9 6],1003497,[2 7 9 0 6 4 3 5 8 1]
28,264903,[0 7 5 4 9 3 6 2 8 1],2536065,[6 9 8 1 2 7 3 4 5 0],2121836,[5 8 4 9 7 6 3 1 0 2],736498,[2 0 4 1 9 6 5 8 3 7],1979987,[5 4 0 8 9 7 2 6 3 1],1518073,[4 1 7 2 5 8 0 3 9 6],2730761,[7 4 6 8 5 1 3 9 2 0],1280303,[3 5 8 0 2 1 9 7 6 4],138576,[0 4 5 6 3 9 1 2 7 8],1277336,[3 5 7 4 0 6 2 8 1 9]
29,764262,[2 0 9 6 4 8 3 1 5 7],2477402,[6 8 3 4 9 0 1 5 2 7],1214384,[3 4 0 9 6 8 2 5 1 7],447302,[1 3 0 8 4 6 7 5 2 9],644899,[1 7 9 8 5 0 6 2 4 3],1076681,[2 9 6 5 3 1 7 8 4 0],1777145,[4 9 0 6 2 5 7 8 3 1],1429402,[3 9 4 6 1 7 2 8 0 5],64498,[0 2 6 8 5 4 3 9 1 7],2276291,[6 2 4 7 5 0 3 9 8 1]
30,586847,[1 6 5 4 0 3 9 8 7 2],565973,[1 6 0 4 2 7 3 9 8 5],1735013,[4 8 0 2 7 5 1 9 6 3],999966,[2 7 8 3 9 0 4 1 5 6],388780,[1 0 7 2 9 8 3 6 4 5],2990814,[8 2 1 4 9 5 3 0 6 7],1408335,[3 8 9 4 0 1 6 5 7 2],1343825,[3 7 2 6 4 5 8 9 1 0],474092,[1 3 8 0 5 7 9 4 2 6],1163236,[3 1 8 7 5 6 0 9 2 4]
31,2467496,[6 8 1 5 0 4 3 7 2 9],241629,[0 6 9 8 4 3 7 2 5 1],1923430,[5 2 7 6 3 4 9 8 0 1],2025940,[5 6 1 9 7 8 0 4 2 3],2377382,[6 4 9 5 8 2 3 1 0 7],2796448,[7 6 2 8 9 4 3 5 0 1],257919,[0 7 4 2 3 5 8 6 9 1],2970743,[8 1 6 4 0 2 9 7 5 3],3423734,[9 3 8 2 1 0 6 5 4 7],2025658,[5 6 1 9 3 4 2 8 0 7]
32,2335440,[6 3 9 2 7 0 1 4 5 8],2507582,[6 9 1 4 7 3 5 2 0 8],2224323,[6 1 2 4 5 0 3 8 9 7],1467276,[4 0 5 1 9 3 7 2 6 8],2537384,[6 9 8 3 0 7 2 4 1 5],1576326,[4 3 0 8 5 1 6 2 7 9],2173561,[5 9 8 1 7 0 2 3 6 4],751405,[2 0 7 1 6 8 5 3 9 4],3403161,[9 3 4 1 6 7 2 5 8 0],1584095,[4 3 2 5 0 8 9 7 6 1]
33,2063184,[5 7 1 3 6 2 0 4 8 9],1960835,[5 3 7 0 4 2 6 9 8 1],2064495,[5 7 1 6 3 0 8 4 9 2],1061358,[2 9 3 6 0 7 4 1 5 8],457884,[1 3 4 8 9 6 5 0 2 7],162784,[0 5 1 4 2 7 8 9 3 6],2365208,[6 4 7 2 0 1 5 8 3 9],1682006,[4 6 7 8 0 5 3 2 1 9],1675484,[4 6 5 3 0 2 9 7 1 8],1793107,[4 9 3 7 2 5 8 0 6 1]
34,3246854,[8 9 4 1 5 0 6 3 2 7],913263,[2 5 7 1 4 6 8 3 9 0],767389,[2 1 0 4 8 9 6 3 7 5],768713,[2 1 0 6 7 9 5 8 4 3],2554311,[7 0 3 8 5 9 4 2 6 1],1916690,[5 2 6 3 0 7 1 8 4 9],3086230,[8 4 5 2 3 6 9 7 0 1],2602914,[7 1 5 4 0 9 8 2 3 6],772350,[2 1 3 4 8 5 6 0 7 9],1981708,[5 4 1 2 6 3 0 9 7 8]
35,1882498,[5 1 7 4 6 3 2 9 0 8],2735406,[7 4 8 6 1 0 3 2 5 9],1506496,[4 1 3 9 5 0 7 8 2 6],3505485,[9 5 8 3 6 1 7 2 4 0],725753,[1 9 8 7 6 5 3 4 2 0],1888046,[5 1 8 6 2 7 4 3 0 9],1751532,[4 8 3 5 7 0 6 1 2 9],2913753,[8 0 3 1 9 4 5 6 7 2],1332551,[3 7 0 4 8 5 9 6 2 1],1940078,[5 3 0 9 6 2 7 4 1 8]
36,3356459,[9 2 1 8 6 4 3 7 5 0],2194005,[6 0 4 3 2 5 9 7 8 1],844235,[2 3 9 5 6 1 4 8 7 0],2199437,[6 0 5 3 8 7 1 9 4 2],389514,[1 0 7 3 9 8 6 2 4 5],1867815,[5 1 3 7 2 0 8 6 9 4],1494287,[4 1 0 6 5 3 9 8 7 2],1000451,[2 7 8 4 5 0 3 9 6 1],516591,[1 4 8 5 3 9 6 2 7 0],1909278,[5 2 3 8 7 6 1 0 4 9]
37,1010161,[2 8 0 5 1 3 4 6 9 7],2256667,[6 1 9 7 2 4 8 0 5 3],1053122,[2 9 0 8 6 1 3 5 4 7],1119215,[3 0 8 1 5 7 9 6 4 2],1112196,[3 0 6 7 8 2 5 1 4 9],2512565,[6 9 2 4 7 0 1 8 5 3],1055868,[2 9 1 5 4 8 6 0 3 7],2765399,[7 5 4 6 8 9 3 2 1 0],2625796,[7 2 0 9 8 5 1 6 3 4],2188607,[6 0 3 2 8 4 9 7 5 1]
38,2845035,[7 8 4 3 2 6 0 5 9 1],1566369,[4 2 8 7 5 0 3 6 9 1],597516,[1 6 8 4 9 2 5 0 3 7],497241,[1 4 3 7 6 8 2 5 9 0],3208520,[8 7 4 5 1 6 2 3 0 9],2179815,[6 0 1 5 7 2 8 4 9 3],2241214,[6 1 5 7 8 4 9 3 0 2],2097566,[5 8 0 2 3 7 6 4 1 9],2036547,[5 6 4 0 7 2 1 8 9 3],791682,[2 1 7 0 6 4 9 3 5 8]
39,3019755,[8 2 9 1 0 6 3 5 7 4],1206987,[3 2 9 5 4 1 0 7 8 6],3184536,[8 6 9 5 7 4 0 1 2 3],2134397,[5 8 9 3 2 6 0 7 4 1],2672901,[7 3 2 4 5 0 9 6 8 1],211919,[0 6 3 1 4 9 8 7 5 2],1994491,[5 4 3 8 0 7 9 1 6 2],3564852,[9 7 3 2 1 0 6 4 5 8],2394324,[6 5 3 0 4 8 7 1 2 9],2098605,[5 8 0 3 7 2 9 4 6 1]
40,1353084,[3 7 5 4 1 8 6 0 2 9],2242779,[6 1 5 9 8 7 0 3 4 2],1011246,[2 8 0 6 5 1 4 3 7 9],3140444,[8 5 9 0 6 2 7 3 1 4],1645101,[4 5 8 2 9 0 7 3 6 1],1842943,[5 0 7 6 4 9 2 1 8 3],1605661,[4 3 8 6 0 5 7 1 9 2],3142960,[8 5 9 4 1 2 6 7 0 3],1142107,[3 1 4 7 2 6 9 0 8 5],2985262,[8 2 0 4 3 1 9 7 5 6]
41,93513,[0 3 4 6 9 2 5 7 8 1],3069801,[8 4 1 0 6 7 3 5 9 2],2010752,[5 4 8 9 6 1 2 3 0 7],2206451,[6 0 7 8 4 1 3 9 5 2],387692,[1 0 6 9 4 7 8 3 2 5],2904768,[8 0 1 4 5 6 2 3 7 9],257688,[0 7 4 1 9 5 2 3 6 8],976425,[2 7 1 8 0 9 4 5 6 3],2789499,[7 6 1 4 2 9 0 5 8 3],1337699,[3 7 1 4 9 5 2 8 6 0]
42,746023,[2 0 6 1 3 9 5 4 8 7],297845,[0 8 4 1 7 2 3 9 6 5],3497057,[9 5 6 8 0 1 4 7 3 2],2680784,[7 3 4 9 1 8 2 5 0 6],2368741,[6 4 7 9 8 2 3 0 5 1],3430792,[9 4 0 6 8 7 3 5 1 2],2988262,[8 2 0 9 4 1 7 6 3 5],3295784,[9 0 6 8 3 7 2 4 1 5],2811435,[7 6 5 8 4 3 0 2 9 1],2641509,[7 2 5 0 8 4 9 3 6 1]
43,3538014,[9 6 5 8 7 2 1 0 3 4],1887489,[5 1 8 4 6 0 3 7 9 2],794457,[2 1 7 6 4 5 3 8 9 0],1066139,[2 9 4 5 7 3 1 8 6 0],811839,[2 3 1 0 7 5 8 6 9 4],1125603,[3 0 9 4 5 1 2 7 8 6],2881201,[7 9 3 5 6 0 1 2 8 4],1939581,[5 3 0 8 9 1 7 4 6 2],152925,[0 4 8 3 5 2 9 6 7 1],3389785,[9 3 0 6 1 4 2 5 8 7]
44,1764794,[4 8 7 1 0 6 2 5 3 9],1556414,[4 2 6 8 7 0 5 3 1 9],2641152,[7 2 5 0 3 8 1 4 6 9],1031504,[2 8 5 6 4 9 1 3 0 7],1803179,[4 9 6 7 2 3 1 8 5 0],1509603,[4 1 5 6 8 0 2 7 9 3],1593496,[4 3 6 1 2 0 8 9 5 7],2292431,[6 2 8 7 9 3 5 4 1 0],2823736,[7 8 0 2 9 1 5 6 3 4],2926915,[8 0 5 7 1 9 6 2 4 3]
45,214544,[0 6 3 5 9 8 2 4 1 7],2801815,[7 6 3 9 2 4 1 0 8 5],655507,[1 8 3 0 5 6 9 2 7 4],1678664,[4 6 7 0 3 9 2 5 1 8],1072458,[2 9 5 7 4 0 8 1 3 6],3253293,[8 9 5 3 2 6 7 1 4 0],2170400,[5 9 7 4 2 6 1 3 0 8],3457062,[9 4 6 8 2 7 1 0 3 5],746836,[2 0 6 3 4 8 1 9 5 7],3038266,[8 3 2 7 6 9 1 5 0 4]
46,3146409,[8 6 0 3 1 2 5 7 9 4],3331260,[9 1 5 8 6 3 4 0 2 7],1616279,[4 5 0 7 8 9 6 3 2 1],2369081,[6 4 8 0 3 2 7 9 5 1],1338396,[3 7 1 5 9 2 6 0 4 8],3388231,[9 3 0 2 8 4 5 1 7 6],2402345,[6 5 4 7 3 2 8 9 1 0],2023366,[5 6 1 4 2 3 9 8 0 7],1264946,[3 5 2 9 8 1 0 6 4 7],2789149,[7 6 1 3 8 9 4 0 5 2]
47,397639,[1 0 8 9 3 6 4 2 7 5],3531680,[9 6 4 7 0 5 2 3 1 8],604737,[1 6 9 8 7 3 2 4 5 0],3495920,[9 5 6 4 2 7 1 3 0 8],1748397,[4 8 2 9 1 7 6 3 5 0],348102,[0 9 6 1 4 8 3 2 5 7],2129192,[5 8 7 3 1 2 4 6 0 9],367235,[1 0 2 9 3 5 6 8 7 4],1976055,[5 4 0 1 7 2 8 6 9 3],3105697,[8 5 0 2 4 9 1 3 7 6]
48,1187002,[3 2 5 6 7 8 1 9 0 4],3391071,[9 3 0 7 6 8 4 2 5 1],2497235,[6 8 9 3 2 1 4 7 5 0],1388484,[3 8 4 5 2 7 6 0 1 9],3277772,[9 0 3 4 5 7 8 2 1 6],2938434,[8 0 9 1 2 7 6 3 4 5],737533,[2 0 4 5 6 1 8 3 9 7],2648550,[7 2 6 4 5 1 3 0 8 9],1743657,[4 8 1 9 6 3 2 5 7 0],79803,[0 2 9 7 8 1 3 5 6 4]
49,3400381,[9 3 2 6 7 4 5 0 8 1],3204669,[8 7 3 6 9 2 5 1 4 0],1826463,[5 0 3 4 8 6 7 2 9 1],454489,[1 3 4 2 5 7 0 6 9 8],1401163,[3 8 7 0 1 4 9 2 6 5],3076290,[8 4 2 3 6 7 9 0 1 5],1955019,[5 3 4 9 1 8 0 6 7 2],1301357,[3 6 2 1 5 8 0 9 7 4],1015341,[2 8 1 5 3 0 9 6 7 4],2945128,[8 1 0 4 5 7 6 9 2 3]
50,2041404,[5 6 7 0 2 8 4 1 3 9],626441,[1 7 5 3 0 4 8 9 6 2],1212972,[3 4 0 7 8 1 6 2 5 9],2685156,[7 3 5 8 2 1 6 0 4 9],2289264,[6 2 8 1 5 3 0 4 7 9],1744261,[4 8 2 0 6 5 7 1 9 3],128447,[0 4 2 6 5 3 9 8 7 1],3301952,[9 0 8 2 1 4 5 6 3 7],1934885,[5 2 9 8 3 0 1 7 6 4],1500948,[4 1 2 8 6 9 5 0 3 7]
51,1031221,[2 8 5 6 1 4 7 0 9 3],1308618,[3 6 4 7 5 0 9 1 2 8],1733526,[4 7 9 8 5 0 2 1 3 6],2076777,[5 7 4 0 3 6 2 8 9 1],883788,[2 4 9 3 5 8 6 0 1 7],165163,[0 5 1 8 4 3 9 2 7 6],2692009,[7 3 8 0 9 4 1 2 6 5],1562894,[4 2 8 0 7 1 6 5 3 9],2255801,[6 1 9 5 0 3 7 8 4 2],1409819,[3 8 9 6 0 4 2 7 5 1]
52,1814450,[5 0 1 2 3 7 4 8 6 9],1592619,[4 3 5 9 8 7 0 2 6 1],135609,[0 4 3 9 5 1 6 7 8 2],652600,[1 8 2 5 4 3 7 9 0 6],3406826,[9 3 4 8 6 1 0 5 2 7],1274727,[3 5 6 9 2 7 4 1 8 0],735665,[2 0 3 9 7 5 6 8 4 1],2583122,[7 1 0 5 8 2 3 6 4 9],2630805,[7 2 1 9 8 3 6 4 5 0],77675,[0 2 9 4 8 3 5 7 6 1]
53,463537,[1 3 5 9 7 8 0 2 6 4],2881275,[7 9 3 5 6 4 0 2 8 1],2162088,[5 9 4 8 7 2 0 1 3 6],92195,[0 3 4 5 1 6 7 9 8 2],1028361,[2 8 5 0 3 7 4 6 9 1],3047559,[8 3 5 6 7 1 4 2 9 0],111992,[0 3 8 2 6 4 5 7 1 9],2586368,[7 1 2 3 4 0 6 8 5 9],1148050,[3 1 5 8 6 0 4 9 2 7],1161687,[3 1 8 5 4 7 6 2 9 0]
54,2024689,[5 6 1 8 0 4 2 3 9 7],1255560,[3 5 1 0 9 2 4 6 7 8],1899330,[5 2 0 8 9 6 7 1 3 4],2967118,[8 1 5 6 9 7 4 3 0 2],2551507,[7 0 3 2 8 5 9 1 6 4],745524,[2 0 5 9 4 7 6 1 3 8],732609,[2 0 3 5 7 1 6 8 9 4],2041952,[5 6 7 1 0 3 4 8 2 9],708891,[1 9 5 6 4 3 0 7 8 2],798223,[2 1 8 4 6 9 3 0 7 5]
55,1266120,[3 5 4 1 7 0 2 6 8 9],1440361,[3 9 6 7 4 0 1 2 8 5],1694120,[4 7 0 1 9 6 3 5 2 8],1393598,[3 8 5 4 6 1 7 2 0 9],2666695,[7 3 1 0 8 5 4 2 9 6],2550341,[7 0 3 1 2 9 4 8 6 5],890039,[2 5 0 7 1 9 8 6 4 3],2479967,[6 8 4 0 3 2 9 7 5 1],2609198,[7 1 6 5 9 2 4 3 0 8],794648,[2 1 7 6 8 0 4 5 3 9]
56,2942572,[8 0 9 6 7 3 1 5 2 4],735667,[2 0 3 9 7 5 8 1 6 4],1279461,[3 5 7 9 0 1 8 4 6 2],3366223,[9 2 4 8 1 7 3 0 6 5],2942820,[8 0 9 7 2 4 5 1 3 6],2644857,[7 2 5 8 3 4 1 6 9 0],3353282,[9 2 1 4 5 0 3 7 6 8],627628,[1 7 5 4 8 2 0 9 3 6],2543305,[7 0 1 6 4 3 2 5 9 8],453543,[1 3 2 9 8 5 6 4 7 0]
57,2697855,[7 3 9 2 0 1 6 5 8 4],2120798,[5 8 4 7 3 1 6 2 0 9],2815706,[7 6 8 4 5 1 0 3 2 9],2011359,[5 4 9 0 6 2 7 3 8 1],1822941,[5 0 2 7 9 1 8 4 6 3],716027,[1 9 7 0 4 8 3 6 5 2],3477391,[9 5 1 8 6 2 3 0 7 4],1920015,[5 2 6 9 7 0 4 3 8 1],1352909,[3 7 5 4 0 2 1 9 8 6],2515470,[6 9 3 0 7 2 4 1 5 8]
58,1253756,[3 5 0 8 2 9 7 4 1 6],1206503,[3 2 9 4 7 0 8 6 5 1],1857365,[5 1 0 6 8 2 3 9 7 4],239744,[0 6 9 4 8 7 2 3 1 5],1435384,[3 9 5 7 4 2 6 8 0 1],3006062,[8 2 5 4 0 6 7 3 1 9],2722184,[7 4 5 0 8 9 2 3 1 6],2347041,[6 4 1 7 8 5 2 3 9 0],3304985,[9 0 8 6 2 4 5 7 3 1],3088009,[8 4 5 6 9 2 0 1 7 3]
59,2524970,[6 9 4 8 7 2 0 3 1 5],1230197,[3 4 6 0 7 8 1 9 5 2],1994564,[5 4 3 8 1 2 9 6 0 7],2513712,[6 9 2 7 1 5 0 3 4 8],415503,[1 2 4 6 0 7 8 5 9 3],864290,[2 4 5 6 3 7 0 8 1 9],3348637,[9 2 0 4 8 3 6 1 7 5],690341,[1 9 0 8 6 7 2 5 4 3],3211859,[8 7 5 1 9 3 2 6 4 0],1344863,[3 7 2 8 9 0 6 5 4 1]
60,2271011,[6 2 3 7 1 0 5 9 8 4],3242511,[8 9 3 2 4 7 5 1 6 0],2730473,[7 4 6 8 1 9 3 5 2 0],1666133,[4 6 2 7 0 5 1 9 8 3],2849178,[7 8 5 2 1 0 9 3 4 6],2286468,[6 2 7 5 4 9 3 0 1 8],1914910,[5 2 4 9 6 3 8 7 0 1],273578,[0 7 8 2 9 6 1 4 3 5],1711636,[4 7 3 6 1 8 0 9 2 5],590772,[1 6 7 2 5 0 8 3 4 9]
61,910443,[2 5 6 7 4 0 1 8 9 3],1790625,[4 9 3 1 8 7 2 5 6 0],1742419,[4 8 1 7 0 2 9 3 6 5],331144,[0 9 2 6 8 4 5 7 1 3],1132824,[3 1 0 8 5 4 2 6 7 9],2023004,[5 6 1 3 8 2 9 4 0 7],2520773,[6 9 4 1 0 5 2 8 7 3],1880416,[5 1 7 0 8 2 6 9 3 4],1306224,[3 6 4 1 2 5 0 7 8 9],1806726,[4 9 7 3 2 0 5 1 6 8]
62,1018500,[2 8 3 0 6 5 7 1 4 9],1168739,[3 1 9 8 2 5 4 7 6 0],1939920,[5 3 0 9 4 1 2 6 7 8],224740,[0 6 5 7 1 9 2 8 3 4],3361493,[9 2 3 8 6 4 0 7 5 1],1795636,[4 9 5 1 8 6 0 7 2 3],3377357,[9 2 7 0 6 5 1 8 4 3],2909421,[8 0 2 3 9 1 7 5 6 4],989461,[2 7 5 3 1 6 8 0 9 4],3452554,[9 4 6 0 2 3 5 8 1 7]
63,2864770,[7 9 0 3 8 1 4 6 2 5],684072,[1 8 9 6 0 5 2 3 4 7],90700,[0 3 2 9 8 7 1 6 4 5],1096695,[3 0 2 7 4 1 8 6 9 5],203573,[0 6 1 4 8 5 2 9 7 3],3240778,[8 9 3 0 1 5 4 7 2 6],1564776,[4 2 8 5 1 9 0 3 6 7],1771415,[4 8 9 3 1 6 7 5 2 0],2866033,[7 9 0 5 4 6 1 2 8 3],2015426,[5 4 9 8 1 2 0 6 3 7]
64,998670,[2 7 8 1 0 4 5 3 6 9],2498749,[6 8 9 5 2 7 3 0 4 1],2325417,[6 3 7 2 8 4 1 5 9 0],1822644,[5 0 2 7 4 8 6 1 3 9],3497063,[9 5 6 8 0 1 7 4 3 2],56852,[0 2 5 3 9 7 8 4 1 6],3370157,[9 2 5 6 7 4 0 8 3 1],897785,[2 5 3 0 9 6 7 8 4 1],2278082,[6 2 5 0 1 3 4 8 7 9],1381659,[3 8 2 0 9 7 1 5 6 4]
65,1288840,[3 5 9 7 0 2 6 8 1 4],802085,[2 1 9 3 0 4 5 8 7 6],496524,[1 4 3 6 7 8 5 0 2 9],3123550,[8 5 3 7 1 4 9 6 0 2],2411871,[6 5 8 3 7 9 2 1 4 0],389052,[1 0 7 3 5 2 8 4 6 9],2540252,[7 0 1 2 3 8 9 5 4 6],3236080,[8 9 2 0 5 3 6 7 1 4],2752106,[7 5 2 0 4 3 1 8 6 9],2876635,[7 9 2 6 1 8 5 0 4 3]
66,2890234,[7 9 5 3 1 2 4 8 0 6],1283239,[3 5 8 6 1 7 2 0 9 4],1538151,[4 2 1 3 5 9 7 6 8 0],884270,[2 4 9 5 0 8 6 3 1 7],1621236,[4 5 1 7 8 2 6 0 3 9],3262346,[8 9 7 2 0 3 1 5 4 6],225623,[0 6 5 8 3 1 9 7 4 2],1912326,[5 2 4 6 0 1 7 3 8 9],3093360,[8 4 6 7 2 0 1 3 5 9],679986,[1 8 7 9 3 4 6 0 2 5]
67,2868467,[7 9 1 0 8 6 3 5 4 2],3021260,[8 2 9 4 1 0 7 5 3 6],1520291,[4 1 7 6 5 0 3 9 8 2],2352950,[6 4 2 8 9 7 3 1 0 5],2126154,[5 8 6 7 9 4 3 0 1 2],2674389,[7 3 2 6 4 5 9 1 8 0],764164,[2 0 9 6 4 1 3 8 5 7],2897219,[7 9 6 5 8 2 1 4 3 0],261159,[0 7 4 8 6 2 5 3 9 1],2603661,[7 1 5 6 2 0 9 4 8 3]
68,465223,[1 3 6 4 0 9 5 2 8 7],2852550,[7 8 5 9 6 1 2 0 3 4],526134,[1 5 0 4 8 6 3 2 7 9],2302202,[6 3 0 8 5 1 2 7 4 9],91014,[0 3 4 1 6 7 5 2 8 9],253198,[0 7 3 2 6 9 8 5 1 4],1883933,[5 1 7 8 4 3 0 9 6 2],3531427,[9 6 4 5 7 2 8 0 3 1],697610,[1 9 3 4 8 5 0 6 2 7],2175329,[5 9 8 4 1 6 3 7 2 0]
69,2352866,[6 4 2 8 9 1 0 5 3 7],35998,[0 1 9 2 8 7 6 5 3 4],1603911,[4 3 8 1 6 9 5 2 7 0],1633213,[4 5 6 0 3 1 8 2 9 7],1730582,[4 7 9 2 5 3 6 1 0 8],3517484,[9 6 1 8 3 2 7 4 0 5],2780092,[7 5 9 4 1 3 0 8 2 6],1410446,[3 8 9 6 7 4 2 1 0 5],2158990,[5 9 4 2 6 3 8 7 0 1],861525,[2 4 3 9 6 1 8 5 7 0]
70,1360780,[3 7 6 9 8 5 0 4 1 2],1024818,[2 8 4 3 5 0 9 1 6 7],2634500,[7 2 3 8 0 1 9 5 4 6],2059920,[5 7 0 8 1 2 3 4 6 9],3139421,[8 5 7 9 1 6 0 4 3 2],2422368,[6 7 0 5 3 4 1 2 8 9],1492476,[4 1 0 2 9 5 7 3 6 8],1303138,[3 6 2 5 9 4 1 8 0 7],1819832,[5 0 2 1 7 4 6 8 3 9],3283393,[9 0 4 5 2 7 1 3 8 6]
71,2518634,[6 9 3 7 0 5 1 4 2 8],2620800,[7 2 0 1 3 4 5 6 8 9],3293532,[9 0 6 4 3 1 7 2 5 8],1066801,[2 9 4 6 7 0 1 3 8 5],2898590,[7 9 8 0 5 6 3 2 1 4],3027174,[8 3 0 6 4 5 2 1 7 9],576314,[1 6 3 4 5 8 0 7 2 9],1494607,[4 1 0 6 9 2 5 3 8 7],749238,[2 0 6 7 5 8 3 1 4 9],2597349,[7 1 4 3 5 6 9 2 8 0]
72,1714532,[4 7 5 1 2 8 9 3 0 6],1771443,[4 8 9 3 2 0 1 6 7 5],2309975,[6 3 2 4 1 8 9 7 5 0],419738,[1 2 5 3 9 8 0 6 4 7],2050823,[5 6 8 9 2 0 7 4 3 1],2550093,[7 0 2 9 6 5 8 3 4 1],1136448,[3 1 2 6 5 7 0 4 8 9],2463597,[6 8 0 7 4 9 5 2 3 1],2525540,[6 9 5 0 7 1 8 3 2 4],2926559,[8 0 5 6 4 9 7 3 2 1]
73,1988679,[5 4 2 7 0 3 8 6 9 1],2647187,[7 2 6 1 5 9 3 8 4 0],864989,[2 4 5 7 3 1 0 9 8 6],1952597,[5 3 4 2 9 7 0 8 6 1],2257842,[6 1 9 8 7 2 5 0 3 4],507296,[1 4 6 7 5 3 2 8 0 9],1739495,[4 8 1 0 9 6 7 5 3 2],338989,[0 9 4 2 7 8 5 1 6 3],170324,[0 5 2 8 6 3 9 4 1 7],2685488,[7 3 5 8 9 0 2 4 1 6]
74,2082199,[5 7 6 0 9 4 2 1 8 3],426328,[1 2 6 7 0 8 5 9 3 4],113006,[0 3 8 4 9 6 5 2 1 7],2259917,[6 2 0 4 8 7 1 9 5 3],1667675,[4 6 2 9 1 3 5 8 7 0],531346,[1 5 2 4 9 8 3 7 0 6],1462448,[4 0 3 2 5 1 7 8 6 9],2421779,[6 7 0 4 5 3 2 9 8 1],1029504,[2 8 5 1 9 3 0 4 6 7],3213689,[8 7 5 4 2 6 3 9 1 0]
75,3135179,[8 5 7 0 3 4 2 9 6 1],1839278,[5 0 6 9 4 2 7 3 1 8],3111321,[8 5 1 3 2 7 4 6 9 0],3250086,[8 9 4 7 0 1 3 2 5 6],2273520,[6 2 4 0 8 1 3 5 7 9],1016623,[2 8 1 6 9 7 3 0 5 4],2849494,[7 8 5 2 4 6 9 3 0 1],1957248,[5 3 6 2 4 7 0 1 8 9],331750,[0 9 2 7 6 4 8 5 1 3],1158812,[3 1 7 9 4 6 8 2 0 5]
76,1236064,[3 4 7 1 8 5 6 9 0 2],1610360,[4 3 9 5 6 7 1 2 0 8],1717409,[4 7 5 8 1 6 3 9 2 0],2319797,[6 3 5 1 9 7 0 8 4 2],1431274,[3 9 4 8 7 1 2 6 0 5],1287129,[3 5 9 2 7 0 4 6 8 1],2510312,[6 9 2 0 5 3 4 7 1 8],3507923,[9 6 0 1 2 7 4 8 5 3],2354538,[6 4 3 1 2 0 9 5 7 8],919984,[2 5 8 4 7 3 6 9 0 1]
77,1363864,[3 7 8 5 1 4 6 9 0 2],2176247,[5 9 8 6 3 1 7 4 2 0],2395114,[6 5 3 1 7 2 4 9 0 8],2895478,[7 9 6 3 2 8 5 4 0 1],1493758,[4 1 0 5 7 9 8 6 2 3],220593,[0 6 4 8 3 2 5 7 9 1],1951531,[5 3 4 1 6 8 9 0 7 2],925158,[2 5 9 4 8 6 1 0 3 7],446349,[1 3 0 6 9 5 8 4 7 2],1628156,[4 5 3 0 2 9 8 6 1 7]
78,2202273,[6 0 5 9 7 2 3 4 8 1],1464643,[4 0 3 7 2 5 9 1 8 6],2132305,[5 8 9 0 4 2 1 3 7 6],2149815,[5 9 2 4 8 0 6 3 7 1],582369,[1 6 4 5 9 0 3 7 8 2],2138285,[5 9 0 2 8 1 3 7 6 4],2046605,[5 6 8 0 4 1 2 9 7 3],2913220,[8 0 3 1 2 9 4 7 5 6],633607,[1 7 6 8 0 2 4 3 9 5],2032090,[5 6 3 1 4 0 7 9 2 8]
79,3210862,[8 7 5 0 4 1 9 6 2 3],1897524,[5 2 0 6 4 8 7 1 3 9],2939748,[8 0 9 2 7 6 4 1 3 5],1358504,[3 7 6 4 8 9 1 2 0 5],2008571,[5 4 8 3 7 0 2 9 6 1],2334456,[6 3 9 1 2 8 0 4 5 7],2106578,[5 8 1 9 6 7 0 3 2 4],289520,[0 8 2 5 1 7 4 6 3 9],2868227,[7 9 1 0 5 8 3 6 4 2],764756,[2 0 9 7 1 8 6 4 3 5]
80,3374189,[9 2 6 4 3 1 0 8 7 5],3548459,[9 7 0 1 4 5 3 8 6 2],2867019,[7 9 0 6 8 5 1 3 4 2],3504545,[9 5 8 2 3 4 6 7 1 0],94930,[0 3 4 8 9 1 5 7 2 6],1998505,[5 4 6 3 8 1 0 2 9 7],1661301,[4 6 1 7 3 0 9 5 8 2],1957649,[5 3 6 2 9 7 4 8 1 0],2561158,[7 0 5 2 1 9 8 6 3 4],3276235,[9 0 3 1 4 8 7 2 6 5]
81,2480302,[6 8 4 0 9 1 7 5 2 3],1007008,[2 7 9 6 4 5 3 8 0 1],931463,[2 6 0 8 7 1 9 5 4 3],3555621,[9 7 1 4 3 0 8 5 6 2],449716,[1 3 2 4 7 8 0 9 5 6],1490735,[4 0 9 7 3 6 8 5 2 1],976235,[2 7 1 6 9 3 4 8 5 0],2668288,[7 3 1 4 9 6 5 8 0 2],916994,[2 5 7 9 4 6 0 3 1 8],2163422,[5 9 6 1 7 3 4 2 0 8]
82,1348418,[3 7 4 5 8 9 0 2 1 6],1849390,[5 0 8 9 4 3 7 6 1 2],3420341,[9 3 7 5 2 8 0 6 4 1],3316893,[9 1 3 0 7 6 8 4 5 2],3564273,[9 7 3 1 4 2 5 6 8 0],3555675,[9 7 1 4 3 6 0 5 8 2],2316364,[6 3 4 7 1 0 2 9 5 8],2563930,[7 0 5 8 1 2 4 9 3 6],3095031,[8 4 7 0 5 9 3 2 6 1],825215,[2 3 5 8 0 7 9 6 4 1]
83,420950,[1 2 5 6 7 9 4 3 0 8],2921406,[8 0 4 6 5 1 3 2 7 9],190629,[0 5 7 8 6 3 9 2 4 1],42730,[0 2 1 6 5 3 7 9 4 8],541611,[1 5 4 6 2 7 0 8 9 3],1004140,[2 7 9 1 5 8 0 6 3 4],2568742,[7 0 6 5 8 1 9 4 2 3],1385583,[3 8 2 9 4 5 6 1 7 0],327994,[0 9 2 1 6 4 5 8 3 7],1893593,[5 1 9 6 8 7 3 4 2 0]
84,2279286,[6 2 5 1 8 0 4 3 7 9],308504,[0 8 6 2 4 9 3 5 1 7],484591,[1 4 0 3 2 6 7 5 9 8],1324864,[3 6 8 9 0 4 5 7 1 2],1787312,[4 9 2 6 3 1 5 7 0 8],2503280,[6 9 0 5 7 4 2 3 1 8],209512,[0 6 2 5 9 8 4 7 1 3],1711806,[4 7 3 6 5 0 2 1 8 9],2809790,[7 6 5 3 2 9 4 1 0 8],780504,[2 1 4 9 0 5 3 6 7 8]
85,3112054,[8 5 1 4 2 7 9 6 0 3],946636,[2 6 4 8 7 5 0 9 1 3],484515,[1 4 0 2 9 7 3 6 8 5],2485908,[6 8 5 1 4 9 3 0 2 7],625427,[1 7 5 0 6 9 3 8 4 2],278019,[0 7 9 2 1 8 3 5 6 4],501780,[1 4 5 6 9 3 7 0 2 8],2112408,[5 8 3 0 9 4 1 2 6 7],2079281,[5 7 4 3 9 1 6 8 2 0],3314803,[9 1 2 6 8 3 7 0 5 4]
86,653250,[1 8 2 6 3 7 9 0 4 5],338291,[0 9 4 1 8 2 5 7 6 3],1573037,[4 3 0 1 8 7 2 9 6 5],1379835,[3 8 1 7 4 6 0 5 9 2],2549188,[7 0 2 8 5 3 1 9 4 6],2371176,[6 4 8 3 1 9 0 2 5 7],1639291,[4 5 7 1 8 6 9 0 3 2],1019016,[2 8 3 1 4 9 0 5 6 7],411829,[1 2 3 7 9 8 5 0 6 4],1845247,[5 0 8 1 9 2 4 3 7 6]
87,1872108,[5 1 4 6 0 9 7 2 3 8],3216317,[8 7 6 1 0 5 2 9 4 3],423768,[1 2 6 0 7 5 3 4 8 9],1234733,[3 4 6 9 8 2 0 7 5 1],2445311,[6 7 5 1 2 4 9 8 3 0],1033662,[2 8 6 0 5 9 3 1 4 7],1990863,[5 4 3 0 1 7 8 6 9 2],1681354,[4 6 7 5 1 2 3 9 0 8],3346453,[9 1 8 7 6 0 4 2 5 3],427569,[1 2 6 8 9 0 4 5 7 3]
88,38699,[0 1 9 6 7 4 3 8 5 2],195952,[0 5 8 9 1 7 4 6 2 3],320838,[0 8 9 5 4 6 2 1 3 7],1656958,[4 6 0 8 2 9 7 5 1 3],1712085,[4 7 3 6 9 1 8 2 5 0],1117258,[3 0 7 6 8 4 2 9 1 5],1178598,[3 2 1 8 9 6 4 0 5 7],3224411,[8 7 9 5 2 0 3 6 4 1],49237,[0 2 3 8 5 4 7 1 9 6],1000046,[2 7 8 3 9 5 4 1 0 6]
89,1980938,[5 4 1 0 3 9 2 7 6 8],1162182,[3 1 8 6 0 9 4 2 5 7],2639214,[7 2 4 6 5 3 1 0 8 9],2937834,[8 0 7 9 2 6 5 1 3 4],3466249,[9 4 8 6 1 3 0 2 7 5],2956572,[8 1 3 6 4 0 7 2 5 9],300146,[0 8 4 5 9 2 1 6 3 7],1283690,[3 5 8 6 9 2 0 4 1 7],1427626,[3 9 4 1 7 8 2 6 0 5],1192222,[3 2 6 5 9 0 8 7 1 4]
90,2496355,[6 8 9 2 0 7 5 1 4 3],1781792,[4 9 1 5 7 2 3 6 0 8],258967,[0 7 4 3 8 1 5 2 9 6],185476,[0 5 6 8 4 7 1 9 2 3],89940,[0 3 2 8 9 5 6 1 4 7],2833413,[7 8 2 1 3 6 9 4 5 0],1506249,[4 1 3 9 0 2 6 7 8 5],2134744,[5 8 9 3 7 2 4 6 0 1],2369566,[6 4 8 1 0 3 9 7 2 5],1491697,[4 0 9 8 6 7 1 2 5 3]
91,658808,[1 8 3 7 0 2 5 6 4 9],1616073,[4 5 0 7 6 2 3 8 9 1],1594474,[4 3 6 2 7 1 5 9 0 8],136661,[0 4 5 1 8 9 2 7 6 3],2509020,[6 9 1 7 5 3 4 0 2 8],850154,[2 4 0 7 8 6 1 5 3 9],1373114,[3 8 0 5 1 7 2 6 4 9],2098661,[5 8 0 3 7 9 1 6 4 2],2939674,[8 0 9 2 7 3 4 6 1 5],2955193,[8 1 3 4 5 7 0 2 9 6]
92,3312834,[9 1 2 4 0 8 7 3 5 6],1773890,[4 8 9 7 5 2 0 3 1 6],2761702,[7 5 3 9 6 0 8 4 1 2],1034220,[2 8 6 1 4 5 7 0 3 9],2173896,[5 9 8 2 1 7 0 3 4 6],3096727,[8 4 7 3 0 1 5 2 9 6],179487,[0 5 4 7 2 8 6 3 9 1],988280,[2 7 5 0 6 8 3 4 1 9],2901130,[7 9 8 4 2 0 3 6 1 5],2661983,[7 3 0 2 4 1 9 8 6 5]
93,320270,[0 8 9 4 6 7 3 2 1 5],3253838,[8 9 5 4 1 2 6 3 0 7],2168897,[5 9 7 2 3 0 6 8 4 1],1546248,[4 2 3 8 6 5 0 1 7 9],2503588,[6 9 0 7 2 3 1 8 4 5],389892,[1 0 7 4 6 2 8 3 5 9],2491141,[6 8 7 1 9 3 4 0 5 2],53501,[0 2 4 7 3 9 1 8 6 5],2405008,[6 5 7 1 2 8 4 9 0 3],3008205,[8 2 5 9 0 3 7 4 6 1]
94,748948,[2 0 6 7 3 4 1 9 5 8],859489,[2 4 3 6 8 5 0 1 9 7],31939,[0 1 8 4 5 2 9 3 7 6],474758,[1 3 8 2 5 4 7 6 0 9],3402356,[9 3 4 0 5 8 7 2 1 6],2825834,[7 8 0 5 6 4 1 3 2 9],3518983,[9 6 2 1 4 8 3 0 7 5],2431793,[6 7 2 4 3 9 5 8 1 0],522071,[1 4 9 6 0 5 8 7 3 2],1512995,[4 1 6 2 5 3 7 9 8 0]
95,442845,[1 2 9 8 0 4 7 5 6 3],1237126,[3 4 7 5 1 2 9 8 0 6],2834772,[7 8 2 4 1 0 6 3 5 9],2815795,[7 6 8 4 5 9 3 0 2 1],608157,[1 7 0 6 5 9 8 3 4 2],3410163,[9 3 5 6 2 0 1 7 8 4],527870,[1 5 0 8 2 9 6 4 3 7],144094,[0 4 6 7 1 8 9 5 2 3],2360843,[6 4 5 2 9 7 1 8 3 0],1183697,[3 2 4 9 0 1 7 8 6 5]
96,2631441,[7 2 3 0 8 6 4 5 9 1],2549260,[7 0 2 8 5 9 1 6 3 4],415171,[1 2 4 5 7 8 9 0 6 3],2106453,[5 8 1 9 4 6 7 2 3 0],170553,[0 5 2 8 9 3 4 6 7 1],590866,[1 6 7 2 5 9 3 8 0 4],2122898,[5 8 6 1 3 9 0 4 2 7],301489,[0 8 4 7 6 3 1 2 9 5],2574202,[7 0 8 6 2 5 3 9 1 4],1446531,[3 9 8 0 1 5 2 6 7 4]
97,1437682,[3 9 6 1 7 5 2 8 0 4],1303054,[3 6 2 5 8 7 9 4 0 1],3101755,[8 4 9 2 7 6 5 0 3 1],1590583,[4 3 5 7 0 9 2 1 8 6],1451879,[4 0 1 2 6 9 8 7 5 3],1509984,[4 1 5 7 2 3 0 6 8 9],2436000,[6 7 3 2 4 0 1 5 8 9],1552502,[4 2 6 0 3 7 8 5 1 9],3525722,[9 6 3 4 8 0 1 5 2 7],631245,[1 7 6 2 8 3 9 4 5 0]
98,2539548,[6 9 8 7 0 5 3 1 2 4],2978749,[8 1 9 0 2 7 5 3 6 4],2034985,[5 6 3 8 2 1 0 4 9 7],2806213,[7 6 4 8 3 0 5 1 9 2],730269,[2 0 1 9 4 6 8 5 7 3],2521472,[6 9 4 2 0 3 5 7 1 8],3109608,[8 5 0 9 7 3 1 2 4 6],1430728,[3 9 4 8 0 6 5 7 1 2],2378166,[6 4 9 8 0 1 3 2 5 7],2013287,[5 4 9 3 1 2 8 7 6 0]
99,476159,[1 3 8 5 2 9 7 6 4 0],2835680,[7 8 2 5 3 6 1 4 0 9],2154348,[5 9 3 4 0 8 6 1 2 7],1470673,[4 0 5 8 6 7 1 2 9 3],2969940,[8 1 6 2 9 4 5 0 3 7],2469673,[6 8 2 0 1 7 3 4 9 5],535183,[1 5 3 2 4 9 6 0 8 7],2640708,[7 2 4 9 5 8 3 0 1 6],1133128,[3 1 0 8 7 6 5 9 2 4],207805,[0 6 2 3 7 8 5 1 9 4]
100,880739,[2 4 8 7 1 5 3 9 6 0],2395774,[6 5 3 2 4 8 9 7 0 1],2683301,[7 3 5 2 8 9 0 6 4 1],800889,[2 1 8 9 4 0 5 6 7 3],2027782,[5 6 2 3 4 0 9 8 1 7],3581171,[9 7 6 3 8 0 2 5 4 1],1880392,[5 1 7 0 6 9 4 8 2 3],1572869,[4 3 0 1 7 5 2 9 8 6],259877,[0 7 4 5 9 6 1 8 3 2],2363441,[6 4 5 9 3 1 7 8 2 0]
