99%,Optima 1, Optima [1],Optima 2, Optima [2],Optima 3, Optima [3],Optima 4, Optima [4],Optima 5, Optima [5],Optima 6, Optima [6],Optima 7, Optima [7],Optima 8, Optima [8],Optima 9, Optima [9],Optima 10, Optima [10],Optima 11, Optima [11],Optima 12, Optima [12],Optima 13, Optima [13],Optima 14, Optima [14],Optima 15, Optima [15],Optima 16, Optima [16],Optima 17, Optima [17],Optima 18, Optima [18],Optima 19, Optima [19],Optima 20, Optima [20]
 ,129000,[0 4 2 7 3 1 5 6 8 9],135650,[0 4 3 9 5 6 1 7 2 8],486002,[1 4 0 6 2 3 5 8 7 9],324738,[0 9 1 5 2 3 8 4 6 7],1120434,[3 0 8 4 1 9 7 2 5 6],1699998,[4 7 1 3 0 8 5 2 6 9],2117037,[5 8 4 0 2 9 7 3 6 1],1406637,[3 8 9 0 5 7 6 2 4 1],1204758,[3 2 9 0 4 7 5 1 6 8],258085,[0 7 4 2 5 8 6 1 9 3],305111,[0 8 5 4 7 3 9 6 2 1],1178840,[3 2 1 9 4 7 5 6 0 8],2562143,[7 0 5 3 6 1 9 8 4 2],1329233,[3 6 9 7 0 8 4 5 2 1],3119554,[8 5 2 9 6 1 3 7 0 4],3077106,[8 4 2 5 7 3 9 0 1 6],422700,[1 2 5 9 0 6 7 3 4 8],372839,[1 0 3 9 7 8 6 5 4 2],813907,[2 3 1 6 5 7 9 0 8 4],1689280,[4 6 9 1 2 3 7 8 0 5]
------------------------------------------------
#,Optima 1, Optima [1],Optima 2, Optima [2],Optima 3, Optima [3],Optima 4, Optima [4],Optima 5, Optima [5],Optima 6, Optima [6],Optima 7, Optima [7],Optima 8, Optima [8],Optima 9, Optima [9],Optima 10, Optima [10],Optima 11, Optima [11],Optima 12, Optima [12],Optima 13, Optima [13],Optima 14, Optima [14],Optima 15, Optima [15],Optima 16, Optima [16],Optima 17, Optima [17],Optima 18, Optima [18],Optima 19, Optima [19],Optima 20, Optima [20]
1,1243318,[3 4 8 6 7 9 5 2 0 1],3318096,[9 1 3 4 5 8 0 2 6 7],2870872,[7 9 1 5 2 8 4 6 0 3],406397,[1 2 0 7 5 8 3 9 6 4],1490839,[4 0 9 7 5 6 2 1 8 3],1251145,[3 5 0 2 8 4 1 6 9 7],3329217,[9 1 5 4 8 3 2 6 7 0],3340290,[9 1 7 6 2 5 8 0 3 4],808986,[2 3 0 6 7 5 9 1 4 8],2332534,[6 3 8 7 4 5 9 2 0 1],2019339,[5 6 0 7 4 9 1 3 8 2],2944613,[8 1 0 3 7 5 2 9 6 4],3453557,[9 4 6 1 5 7 0 8 3 2],1239938,[3 4 8 0 1 9 2 6 5 7],2118999,[5 8 4 3 0 2 7 6 9 1],1727922,[4 7 8 6 9 1 5 0 2 3],1771342,[4 8 9 3 1 0 7 6 2 5],1936769,[5 3 0 2 9 7 6 8 4 1],3216209,[8 7 6 0 9 4 3 5 2 1],3397885,[9 3 2 1 4 7 6 0 8 5]
2,894970,[2 5 1 7 0 3 6 9 4 8],2076856,[5 7 4 0 6 1 8 9 2 3],3570353,[9 7 4 2 6 8 3 5 1 0],2343574,[6 4 0 9 8 5 7 3 1 2],1861079,[5 1 2 3 8 9 7 6 4 0],1135574,[3 1 2 5 4 0 8 7 6 9],2418143,[6 5 9 7 3 0 8 4 2 1],623269,[1 7 4 6 5 9 3 0 8 2],1145913,[3 1 5 4 7 2 6 8 9 0],2807154,[7 6 4 9 5 8 3 0 1 2],1053795,[2 9 1 0 6 7 3 5 8 4],2199897,[6 0 5 4 3 7 2 8 9 1],1475261,[4 0 6 7 9 8 1 5 3 2],1179729,[3 2 4 0 7 1 6 8 9 5],3368771,[9 2 5 3 8 0 4 7 6 1],339627,[0 9 4 3 7 2 1 6 8 5],1660243,[4 6 1 3 9 2 8 0 7 5],2403020,[6 5 4 8 3 0 9 2 1 7],2343518,[6 4 0 9 8 2 5 3 1 7],3395682,[9 3 1 7 2 4 8 0 5 6]
3,2998389,[8 2 3 9 4 5 7 1 6 0],3076855,[8 4 2 5 3 6 1 0 9 7],2366551,[6 4 7 3 9 1 2 0 8 5],80867,[0 3 1 2 5 9 6 8 7 4],381163,[1 0 5 7 4 3 9 2 8 6],976504,[2 7 1 8 3 5 6 9 0 4],815327,[2 3 1 8 5 4 9 7 6 0],1398236,[3 8 6 2 9 7 5 1 0 4],93264,[0 3 4 6 7 2 1 5 8 9],2081734,[5 7 6 0 2 8 9 4 1 3],2260216,[6 2 0 5 3 1 8 9 4 7],646150,[1 8 0 3 5 6 9 7 2 4],1111500,[3 0 6 5 8 4 7 1 2 9],413391,[1 2 4 0 3 9 7 6 8 5],1626433,[4 5 2 7 9 6 0 1 8 3],300189,[0 8 4 5 9 3 7 2 6 1],961615,[2 6 8 7 4 3 1 0 9 5],3228894,[8 9 0 5 4 3 2 1 6 7],1700549,[4 7 1 3 9 2 0 8 6 5],3035472,[8 3 2 1 9 6 0 4 5 7]
4,294699,[0 8 3 5 2 9 1 6 7 4],2645880,[7 2 5 9 8 0 1 3 4 6],3482188,[9 5 2 8 3 1 0 7 4 6],810831,[2 3 0 9 1 8 6 5 7 4],3042253,[8 3 4 6 2 0 7 1 9 5],2969557,[8 1 6 2 4 3 7 0 9 5],2758988,[7 5 3 2 9 4 8 1 0 6],2809729,[7 6 5 3 2 4 0 1 9 8],1498390,[4 1 2 5 0 7 9 8 3 6],76647,[0 2 9 3 5 7 6 4 8 1],32855,[0 1 8 5 6 7 9 4 3 2],1316408,[3 6 7 1 4 0 5 8 2 9],3314426,[9 1 2 6 4 3 0 7 5 8],2195692,[6 0 4 7 5 3 1 9 2 8],2702688,[7 4 0 2 8 5 1 3 6 9],2180544,[6 0 1 7 5 3 2 4 8 9],1424005,[3 9 2 5 7 6 4 0 8 1],3500463,[9 5 7 3 6 2 4 1 8 0],2811737,[7 6 5 9 1 0 4 8 3 2],1222100,[3 4 2 6 5 0 9 7 1 8]
5,1324237,[3 6 8 7 1 2 5 0 9 4],127472,[0 4 2 5 1 6 7 8 3 9],1791162,[4 9 3 2 7 1 8 0 5 6],827404,[2 3 6 1 4 0 5 9 7 8],2554990,[7 0 3 9 5 4 8 6 1 2],3388391,[9 3 0 4 1 6 8 7 5 2],347780,[0 9 6 1 2 3 8 5 4 7],639845,[1 7 8 9 5 0 2 6 4 3],3215979,[8 7 6 0 4 9 1 3 5 2],773919,[2 1 3 6 9 4 7 5 8 0],118382,[0 3 9 5 4 6 7 2 1 8],3294017,[9 0 6 5 1 2 7 8 4 3],2444862,[6 7 5 0 4 9 2 1 3 8],2090851,[5 7 8 6 9 3 4 0 2 1],2814441,[7 6 8 2 9 4 1 3 5 0],3402423,[9 3 4 0 6 5 7 2 8 1],2466510,[6 8 1 3 7 2 4 0 5 9],2421674,[6 7 0 4 3 8 1 5 2 9],1599213,[4 3 7 2 0 8 9 5 6 1],3460756,[9 4 7 5 3 6 0 8 1 2]
6,1331597,[3 7 0 2 5 8 1 9 6 4],2731753,[7 4 8 0 1 6 2 3 9 5],549637,[1 5 7 0 4 3 8 2 9 6],1771651,[4 8 9 3 5 6 7 0 2 1],3296285,[9 0 7 1 3 2 4 8 6 5],2147595,[5 9 2 0 7 6 1 4 8 3],3459937,[9 4 7 3 2 8 0 1 6 5],2386552,[6 5 1 4 7 9 3 8 0 2],1158128,[3 1 7 8 5 0 4 6 2 9],2978297,[8 1 7 9 4 0 5 6 3 2],725975,[2 0 1 3 5 8 9 7 6 4],3034568,[8 3 2 0 7 1 5 6 4 9],1115398,[3 0 7 4 1 9 8 6 2 5],3005091,[8 2 5 1 7 4 0 6 9 3],445150,[1 3 0 5 4 7 9 8 2 6],1505296,[4 1 3 7 8 0 6 9 2 5],1102336,[3 0 4 8 1 2 7 9 5 6],1534341,[4 2 0 6 1 3 9 7 8 5],2313632,[6 3 4 0 5 2 7 8 1 9],1802651,[4 9 6 5 7 0 2 8 3 1]
7,3455774,[9 4 6 5 7 0 3 2 1 8],1655122,[4 6 0 3 8 7 2 9 1 5],2977425,[8 1 7 6 2 9 3 4 5 0],3260641,[8 9 6 7 4 0 1 2 5 3],2319126,[6 3 5 1 0 2 7 4 8 9],3606913,[9 8 3 5 4 6 0 1 7 2],2186943,[6 0 2 9 4 5 7 3 8 1],960190,[2 6 8 4 5 3 9 7 0 1],3247981,[8 9 4 3 0 5 6 1 7 2],3017497,[8 2 7 5 9 6 0 1 4 3],259828,[0 7 4 5 9 2 1 8 3 6],519658,[1 4 9 0 7 5 3 8 2 6],1033290,[2 8 6 0 1 7 9 3 4 5],2777679,[7 5 9 0 8 2 4 3 6 1],3089658,[8 4 6 0 2 1 9 3 5 7],1546749,[4 2 3 9 1 6 8 5 7 0],183136,[0 5 6 3 4 1 8 9 2 7],1618236,[4 5 1 0 7 3 8 2 6 9],2416500,[6 5 9 3 1 4 7 0 2 8],201251,[0 5 9 8 4 1 3 7 6 2]
8,65235,[0 2 6 9 5 7 1 4 8 3],1342720,[3 7 2 4 9 1 6 8 0 5],81788,[0 3 1 4 7 6 9 5 2 8],3483569,[9 5 3 1 2 7 6 8 4 0],2442346,[6 7 4 5 0 9 2 8 1 3],491160,[1 4 2 6 3 0 5 7 8 9],1378164,[3 8 1 5 0 7 6 2 4 9],28039,[0 1 7 5 9 6 3 2 8 4],255566,[0 7 3 6 9 5 4 2 1 8],1339907,[3 7 1 8 9 6 2 5 4 0],1074789,[2 9 6 1 7 4 8 3 5 0],545048,[1 5 6 2 0 3 7 8 4 9],2531522,[6 9 7 2 0 1 3 5 4 8],821412,[2 3 4 9 8 0 6 1 5 7],1061257,[2 9 3 5 8 7 0 1 6 4],799638,[2 1 8 6 5 7 3 0 4 9],793342,[2 1 7 4 9 0 8 6 3 5],1770772,[4 8 9 2 3 5 0 7 1 6],3402975,[9 3 4 1 5 0 7 6 8 2],1186059,[3 2 5 4 1 9 0 7 8 6]
9,3372874,[9 2 6 1 5 3 4 8 0 7],2117762,[5 8 4 1 3 0 2 7 6 9],1812615,[4 9 8 5 3 0 6 2 7 1],391187,[1 0 7 6 3 9 4 8 5 2],2844101,[7 8 4 2 0 9 1 6 5 3],3592515,[9 8 0 6 4 5 1 3 7 2],2769483,[7 5 6 3 4 0 1 8 9 2],2415934,[6 5 9 2 3 7 8 4 0 1],1054864,[2 9 1 4 0 6 7 8 3 5],2674062,[7 3 2 5 9 8 1 0 4 6],355398,[0 9 7 4 5 6 2 1 3 8],2657835,[7 2 9 3 4 6 0 5 8 1],258805,[0 7 4 3 5 8 6 1 9 2],2441730,[6 7 4 3 1 8 9 0 2 5],237827,[0 6 9 2 3 8 4 7 5 1],552467,[1 5 7 6 2 9 3 8 4 0],1123294,[3 0 8 9 1 6 7 5 2 4],73901,[0 2 8 6 5 9 1 7 4 3],3546311,[9 6 8 4 2 3 7 5 1 0],3306984,[9 1 0 3 2 5 4 6 7 8]
10,1128423,[3 0 9 8 2 5 6 4 7 1],1744468,[4 8 2 0 9 3 1 7 5 6],1890155,[5 1 9 0 3 4 6 8 7 2],1532212,[4 2 0 1 3 7 5 9 6 8],1383195,[3 8 2 5 0 7 1 6 9 4],633323,[1 7 6 5 4 8 2 9 3 0],3477340,[9 5 1 8 4 7 0 6 2 3],1898753,[5 2 0 8 1 9 6 7 4 3],2324447,[6 3 7 1 4 2 9 8 5 0],1664743,[4 6 2 3 0 9 5 1 8 7],546560,[1 5 6 4 0 8 3 7 2 9],44239,[0 2 1 8 5 7 4 3 9 6],3563171,[9 7 2 8 6 0 3 5 4 1],32325,[0 1 8 4 9 3 7 5 6 2],2665850,[7 3 0 9 5 4 1 6 2 8],3141470,[8 5 9 2 0 7 4 3 1 6],1544643,[4 2 3 6 5 0 1 8 9 7],3423105,[9 3 8 1 2 7 4 5 6 0],3183000,[8 6 9 3 7 0 1 2 4 5],49778,[0 2 3 9 1 8 4 6 5 7]
11,1630945,[4 5 3 7 1 2 0 6 9 8],1854437,[5 0 9 8 4 6 1 7 3 2],1055368,[2 9 1 4 7 6 5 8 0 3],2368606,[6 4 7 9 5 1 8 3 0 2],1434386,[3 9 5 6 1 2 0 7 4 8],318292,[0 8 9 2 1 5 3 7 4 6],393820,[1 0 8 2 9 7 3 6 4 5],1988586,[5 4 2 6 9 3 8 0 1 7],3081480,[8 4 3 2 9 0 1 5 6 7],1279269,[3 5 7 8 6 2 9 1 4 0],2945408,[8 1 0 4 9 2 5 6 3 7],3101399,[8 4 9 2 3 7 6 5 1 0],1099541,[3 0 4 2 1 9 5 8 7 6],3535368,[9 6 5 3 1 4 0 2 7 8],1235482,[3 4 7 0 9 6 2 8 1 5],1962791,[5 3 7 4 0 6 9 8 2 1],778211,[2 1 4 5 9 0 6 8 7 3],74805,[0 2 8 7 9 3 6 4 5 1],946229,[2 6 4 8 1 3 0 9 7 5],1799065,[4 9 5 8 6 1 0 2 7 3]
12,1497065,[4 1 2 0 5 7 8 9 6 3],3258507,[8 9 6 3 5 1 0 4 7 2],573862,[1 6 2 9 0 3 8 7 4 5],231737,[0 6 7 9 8 1 4 5 3 2],2252899,[6 1 9 0 2 3 8 4 7 5],3202325,[8 7 3 2 6 0 1 9 5 4],968674,[2 7 0 3 5 4 6 9 1 8],3070421,[8 4 1 2 5 9 0 7 6 3],1922411,[5 2 7 4 0 1 6 9 8 3],2104228,[5 8 1 4 6 2 0 9 3 7],118098,[0 3 9 5 1 2 8 4 6 7],853310,[2 4 1 5 0 9 7 6 3 8],793149,[2 1 7 4 6 5 9 3 8 0],663243,[1 8 4 6 2 0 3 7 9 5],2481633,[6 8 4 2 7 1 3 5 9 0],949402,[2 6 5 3 7 8 1 9 0 4],1154919,[3 1 7 2 0 5 8 6 9 4],3013010,[8 2 6 7 5 3 0 4 1 9],12919,[0 1 4 6 9 7 3 2 8 5],1301610,[3 6 2 1 8 7 9 0 4 5]
13,689480,[1 9 0 7 5 6 3 4 2 8],2396117,[6 5 3 2 9 7 0 8 4 1],1657457,[4 6 0 9 1 2 7 8 5 3],238394,[0 6 9 3 1 7 2 5 4 8],218793,[0 6 4 3 9 2 5 7 8 1],1557826,[4 2 7 0 6 9 3 8 1 5],1582560,[4 3 2 0 1 5 6 7 8 9],1009563,[2 8 0 4 3 1 5 7 9 6],135972,[0 4 3 9 8 1 6 2 5 7],922017,[2 5 8 9 4 3 1 6 7 0],930730,[2 6 0 7 8 1 4 9 3 5],629698,[1 7 5 9 4 3 2 8 0 6],727852,[2 0 1 5 9 6 3 8 4 7],1605290,[4 3 8 5 6 2 0 7 1 9],289205,[0 8 2 4 7 1 3 9 6 5],745255,[2 0 5 9 1 6 4 3 8 7],2524161,[6 9 4 7 5 3 1 2 8 0],192691,[0 5 8 2 6 7 9 1 4 3],3507196,[9 5 8 7 0 4 1 6 2 3],1182924,[3 2 4 7 9 6 5 0 1 8]
14,2572139,[7 0 8 3 4 5 2 9 6 1],2106398,[5 8 1 9 4 2 6 3 0 7],3292733,[9 0 6 3 2 5 1 8 7 4],938716,[2 6 3 1 8 7 0 9 4 5],3350304,[9 2 0 7 3 4 1 5 6 8],1799982,[4 9 6 0 8 7 2 1 3 5],1820026,[5 0 2 1 8 9 4 7 3 6],411867,[1 2 3 8 0 5 4 7 9 6],3578677,[9 7 6 0 3 2 5 1 8 4],1492700,[4 1 0 3 5 2 9 7 6 8],2525516,[6 9 5 0 4 8 7 2 1 3],1289031,[3 5 9 7 1 8 4 2 6 0],2964337,[8 1 5 2 0 9 3 4 7 6],142821,[0 4 6 3 5 1 9 7 8 2],904156,[2 5 4 3 8 7 0 9 1 6],1130117,[3 1 0 4 7 8 2 9 6 5],2232788,[6 1 4 0 2 7 9 5 3 8],931200,[2 6 0 8 4 1 3 5 7 9],27315,[0 1 7 4 9 6 2 5 8 3],2586067,[7 1 2 0 8 5 9 3 6 4]
15,2874311,[7 9 2 3 0 5 8 6 4 1],3546027,[9 6 8 4 0 2 1 5 7 3],956820,[2 6 7 8 9 3 4 0 1 5],1822758,[5 0 2 7 6 8 3 1 4 9],563975,[1 5 9 8 2 6 7 4 3 0],2234589,[6 1 4 3 7 5 9 2 8 0],1349610,[3 7 4 8 2 6 9 0 1 5],3391020,[9 3 0 7 6 4 5 1 2 8],391471,[1 0 7 6 8 3 4 2 9 5],3582415,[9 7 6 5 3 2 1 0 8 4],351161,[0 9 6 5 7 2 4 8 3 1],619696,[1 7 3 9 6 0 5 8 2 4],2343876,[6 4 1 0 5 3 8 2 7 9],1498877,[4 1 2 5 8 7 0 9 6 3],1558044,[4 2 7 0 9 6 5 1 3 8],491844,[1 4 2 7 0 8 6 3 5 9],622942,[1 7 4 6 2 0 9 8 3 5],2927754,[8 0 5 9 2 7 6 1 3 4],1377908,[3 8 1 4 7 5 9 2 0 6],963988,[2 6 9 1 8 3 0 7 4 5]
16,2709714,[7 4 1 6 3 9 8 0 2 5],2578719,[7 0 9 5 4 2 6 3 8 1],3139456,[8 5 7 9 2 0 4 6 1 3],1434328,[3 9 5 6 0 7 4 8 1 2],969672,[2 7 0 4 8 6 1 3 5 9],2342579,[6 4 0 8 5 3 2 9 7 1],1263885,[3 5 2 8 4 1 9 6 7 0],2482800,[6 8 4 5 2 0 1 3 7 9],3252429,[8 9 5 2 1 4 7 3 6 0],2925419,[8 0 5 4 1 6 3 9 7 2],1358415,[3 7 6 4 8 0 5 2 9 1],2247483,[6 1 7 9 4 0 2 5 8 3],1032689,[2 8 5 9 1 6 4 7 3 0],1197129,[3 2 7 5 8 0 4 6 9 1],2591992,[7 1 3 2 9 8 5 6 0 4],2882090,[7 9 3 6 8 2 0 4 1 5],704885,[1 9 4 8 0 2 3 7 6 5],3458451,[9 4 7 1 3 5 0 6 8 2],1002600,[2 7 8 9 4 0 1 3 5 6],3325551,[9 1 4 7 6 8 3 2 5 0]
17,1139120,[3 1 4 0 2 8 6 7 5 9],1355730,[3 7 5 9 8 4 6 0 1 2],830305,[2 3 6 8 1 4 0 5 9 7],351292,[0 9 6 5 8 3 1 7 2 4],1634693,[4 5 6 2 3 7 0 9 8 1],185570,[0 5 6 8 7 3 1 4 2 9],1791675,[4 9 3 5 2 7 0 6 8 1],1314624,[3 6 5 8 9 1 0 2 4 7],355802,[0 9 7 5 2 1 3 6 4 8],2021229,[5 6 1 0 3 7 9 4 8 2],2365883,[6 4 7 2 9 5 1 8 3 0],190154,[0 5 7 8 1 6 2 4 3 9],2043794,[5 6 7 3 4 8 0 2 1 9],1646764,[4 5 8 7 1 0 2 9 3 6],3592660,[9 8 0 6 5 7 1 4 2 3],3048951,[8 3 5 9 4 7 2 1 6 0],286687,[0 8 1 9 3 2 5 4 7 6],3375251,[9 2 6 5 8 0 3 7 4 1],2314595,[6 3 4 1 8 2 5 9 7 0],1839442,[5 0 6 9 7 4 2 8 1 3]
18,2703489,[7 4 0 3 9 1 5 6 8 2],3087370,[8 4 5 6 0 1 3 9 2 7],3492970,[9 5 6 0 3 1 4 8 2 7],1508434,[4 1 5 3 0 6 7 9 2 8],2603411,[7 1 5 4 9 0 3 8 6 2],1276450,[3 5 7 1 9 0 4 8 2 6],813433,[2 3 1 5 8 7 0 4 9 6],1224480,[3 4 2 9 7 0 1 5 6 8],781755,[2 1 5 0 8 7 3 6 9 4],1580086,[4 3 1 6 7 2 9 8 0 5],669393,[1 8 5 7 6 2 3 4 9 0],2051819,[5 6 9 0 7 3 2 8 4 1],1785745,[4 9 2 3 1 5 0 6 8 7],1513471,[4 1 6 3 0 5 7 2 9 8],2130463,[5 8 7 4 9 6 1 0 3 2],2037773,[5 6 4 2 1 7 0 9 8 3],2824552,[7 8 0 3 9 6 4 5 1 2],1173259,[3 2 0 8 6 1 9 4 7 5],572784,[1 6 2 7 5 3 0 4 8 9],545358,[1 5 6 2 4 8 3 0 7 9]
19,1770518,[4 8 9 2 0 3 6 5 1 7],2413278,[6 5 8 7 4 3 1 0 2 9],1536780,[4 2 0 9 5 6 7 1 3 8],1280807,[3 5 8 0 9 2 7 6 4 1],1439865,[3 9 6 5 7 8 1 2 4 0],3455751,[9 4 6 5 3 8 2 1 7 0],3476466,[9 5 1 7 3 4 8 0 2 6],331997,[0 9 2 8 1 6 3 7 5 4],743756,[2 0 5 6 9 8 7 3 1 4],1777951,[4 9 0 7 3 2 5 1 8 6],1074398,[2 9 6 1 3 4 7 5 0 8],2470105,[6 8 2 0 7 3 1 4 9 5],2504661,[6 9 0 8 5 1 7 3 4 2],3032181,[8 3 1 6 4 0 9 5 7 2],795093,[2 1 7 8 3 6 9 4 5 0],501813,[1 4 5 6 9 7 8 2 3 0],2078605,[5 7 4 2 9 6 3 0 8 1],933543,[2 6 1 3 7 5 8 4 9 0],1656754,[4 6 0 8 1 3 5 9 2 7],453986,[1 3 4 0 7 5 2 8 6 9]
20,1270081,[3 5 6 0 1 2 4 7 9 8],1392728,[3 8 5 2 4 0 6 7 1 9],1069671,[2 9 5 1 6 8 4 3 7 0],949010,[2 6 5 3 0 7 1 8 4 9],2861391,[7 8 9 5 0 6 3 2 4 1],1537681,[4 2 1 0 8 3 5 6 9 7],2610253,[7 1 6 9 3 0 5 2 8 4],2802517,[7 6 4 0 3 2 8 1 9 5],2321381,[6 3 5 7 0 9 1 8 4 2],266551,[0 7 5 9 2 3 4 1 8 6],2694240,[7 3 8 5 0 1 2 4 6 9],1018641,[2 8 3 0 7 6 4 5 9 1],2089413,[5 7 8 3 9 4 6 1 2 0],2898364,[7 9 8 0 4 1 2 6 3 5],2244631,[6 1 7 3 5 2 4 0 9 8],3007382,[8 2 5 6 9 3 4 1 0 7],1679794,[4 6 7 2 0 3 5 9 1 8],2800376,[7 6 3 5 2 4 1 8 0 9],2958447,[8 1 3 9 7 5 4 2 6 0],3271685,[9 0 2 3 1 4 5 8 7 6]
21,3132137,[8 5 6 3 1 0 7 9 4 2],2563116,[7 0 5 4 9 2 6 1 3 8],2712761,[7 4 2 1 8 3 6 9 5 0],673739,[1 8 6 5 7 3 2 9 4 0],2715474,[7 4 2 8 3 9 6 0 1 5],930515,[2 6 0 7 4 3 5 9 8 1],83601,[0 3 1 7 2 8 5 6 9 4],854157,[2 4 1 6 3 9 8 5 7 0],2162565,[5 9 6 0 4 2 8 3 7 1],351046,[0 9 6 5 4 2 8 7 1 3],1994854,[5 4 3 8 6 7 9 2 0 1],681363,[1 8 9 2 4 0 3 6 7 5],2650658,[7 2 6 9 3 8 0 4 1 5],2684263,[7 3 5 6 0 9 2 1 8 4],1432183,[3 9 5 1 0 8 4 2 7 6],861081,[2 4 3 8 9 6 1 5 7 0],2945975,[8 1 0 5 6 7 9 4 3 2],977663,[2 7 1 9 8 0 6 5 4 3],202940,[0 6 1 3 9 2 8 5 4 7],2285387,[6 2 7 4 0 9 3 8 5 1]
22,1288439,[3 5 9 6 2 8 7 4 1 0],1852389,[5 0 9 4 7 3 8 2 6 1],2475042,[6 8 3 0 5 2 9 1 4 7],37317,[0 1 9 4 7 8 6 3 5 2],3060517,[8 3 9 1 6 2 5 0 7 4],134322,[0 4 3 7 6 2 9 1 5 8],2164478,[5 9 6 3 1 2 7 4 0 8],3322200,[9 1 4 2 3 0 5 6 7 8],2462116,[6 8 0 4 5 7 1 9 2 3],75166,[0 2 8 9 4 3 7 6 1 5],1088053,[2 9 8 7 1 0 5 3 6 4],1810407,[4 9 8 1 3 6 5 2 7 0],944601,[2 6 4 3 9 7 1 5 8 0],1486020,[4 0 8 7 9 3 5 1 2 6],3221462,[8 7 9 1 2 4 5 3 0 6],1837876,[5 0 6 7 4 8 1 9 2 3],1003701,[2 7 9 1 0 3 8 5 6 4],2582227,[7 1 0 4 5 6 9 2 8 3],22180,[0 1 6 4 8 9 2 7 3 5],2189904,[6 0 3 5 7 2 1 4 8 9]
23,2637372,[7 2 4 3 0 1 8 5 6 9],2235817,[6 1 4 7 2 9 0 3 8 5],2612383,[7 1 8 3 2 9 4 0 6 5],1880793,[5 1 7 2 3 4 6 8 9 0],2756069,[7 5 2 8 9 1 0 6 4 3],2299962,[6 3 0 4 5 2 9 1 7 8],2376070,[6 4 9 3 0 5 8 7 1 2],941195,[2 6 3 8 1 4 5 9 7 0],2866489,[7 9 0 6 2 4 1 3 8 5],3101295,[8 4 9 2 3 0 6 5 7 1],2087218,[5 7 8 0 9 3 2 6 1 4],2909087,[8 0 2 3 5 4 9 7 6 1],589801,[1 6 7 0 3 2 4 5 9 8],2358737,[6 4 5 0 1 2 8 9 7 3],2881576,[7 9 3 6 1 0 5 8 2 4],1297367,[3 6 1 4 9 2 8 7 5 0],2506394,[6 9 1 3 0 7 2 5 4 8],892543,[2 5 1 0 7 9 4 3 8 6],3076556,[8 4 2 3 9 7 6 1 0 5],1465682,[4 0 3 8 7 1 2 6 5 9]
24,2165915,[5 9 6 7 1 2 3 8 4 0],352479,[0 9 6 8 4 2 5 3 7 1],2778170,[7 5 9 1 4 3 0 6 2 8],237079,[0 6 9 1 3 7 4 2 8 5],2000227,[5 4 6 9 0 3 8 1 7 2],2677187,[7 3 4 1 2 9 5 8 6 0],3147708,[8 6 0 4 7 9 3 1 2 5],2219071,[6 1 0 4 2 5 7 3 9 8],3367448,[9 2 5 1 0 3 6 7 4 8],1076680,[2 9 6 5 3 1 7 8 0 4],211725,[0 6 3 1 2 5 9 7 8 4],2166052,[5 9 6 7 2 3 0 8 1 4],1738114,[4 8 0 9 1 3 5 7 2 6],2375339,[6 4 9 2 0 5 3 8 7 1],102195,[0 3 6 2 9 7 1 5 8 4],1820515,[5 0 2 3 6 9 8 1 7 4],2528444,[6 9 5 4 7 1 8 2 0 3],1504147,[4 1 3 6 0 7 9 2 8 5],1858916,[5 1 0 8 7 9 6 3 2 4],1454870,[4 0 1 7 6 9 5 3 2 8]
25,3455479,[9 4 6 5 1 7 2 0 8 3],54264,[0 2 4 8 5 3 1 6 7 9],816227,[2 3 1 9 6 8 4 7 5 0],1826248,[5 0 3 4 6 8 7 9 1 2],2040606,[5 6 4 9 1 0 3 2 7 8],184615,[0 5 6 7 3 4 2 1 9 8],3201777,[8 7 3 1 9 4 2 5 6 0],2220720,[6 1 0 7 4 2 3 5 8 9],1295201,[3 6 0 9 8 2 5 7 4 1],384293,[1 0 6 3 8 5 2 9 7 4],2456554,[6 7 9 2 8 1 3 5 0 4],249380,[0 7 2 5 4 1 9 6 3 8],738113,[2 0 4 6 1 9 7 8 5 3],1391447,[3 8 5 0 6 2 9 7 4 1],376458,[1 0 4 7 9 2 8 3 5 6],3368790,[9 2 5 3 8 1 4 0 6 7],2940387,[8 0 9 3 7 2 1 5 6 4],1614050,[4 5 0 2 8 6 1 7 3 9],2219730,[6 1 0 4 9 7 8 2 3 5],2673934,[7 3 2 5 8 6 9 4 0 1]
26,3398176,[9 3 2 1 7 0 6 8 4 5],2633642,[7 2 3 5 9 0 1 6 4 8],2893648,[7 9 6 0 8 4 3 5 1 2],2940539,[8 0 9 4 1 5 3 7 6 2],2910010,[8 0 2 4 7 1 5 9 3 6],2718824,[7 4 3 5 0 9 2 6 1 8],3609267,[9 8 4 0 7 2 1 5 6 3],329966,[0 9 2 5 3 7 6 4 1 8],1804244,[4 9 6 8 7 1 5 2 0 3],78214,[0 2 9 5 6 7 8 4 1 3],2022078,[5 6 1 2 4 8 3 0 7 9],3011540,[8 2 6 4 7 0 9 3 1 5],2353225,[6 4 2 9 3 1 0 5 8 7],1918988,[5 2 6 8 1 4 9 3 0 7],1255580,[3 5 1 0 9 2 8 6 4 7],1061308,[2 9 3 6 0 4 1 8 5 7],1420504,[3 9 1 7 8 4 5 6 0 2],1522940,[4 1 8 2 3 0 9 6 5 7],84218,[0 3 1 7 9 8 2 5 4 6],3513406,[9 6 1 0 7 3 8 5 2 4]
27,3453541,[9 4 6 1 5 3 7 0 8 2],2731392,[7 4 6 9 3 5 0 1 2 8],3122955,[8 5 3 6 2 7 0 4 9 1],2782023,[7 5 9 8 6 2 3 1 4 0],1081079,[2 9 7 4 3 8 6 5 1 0],2813162,[7 6 8 1 2 0 3 5 4 9],395373,[1 0 8 5 2 7 9 4 6 3],3015142,[8 2 7 1 6 0 9 5 3 4],3083533,[8 4 3 7 6 0 5 1 9 2],902330,[2 5 4 0 3 7 1 8 6 9],3143756,[8 5 9 6 1 7 4 2 0 3],1725539,[4 7 8 2 5 3 1 9 6 0],2370565,[6 4 8 2 3 7 5 0 9 1],2490644,[6 8 7 1 2 3 9 4 0 5],3176646,[8 6 7 2 0 1 4 3 5 9],174396,[0 5 3 7 2 4 8 1 6 9],2975094,[8 1 7 3 0 5 4 2 6 9],198888,[0 5 9 4 2 6 1 3 7 8],2463268,[6 8 0 7 2 3 1 9 4 5],449298,[1 3 2 4 0 5 9 6 7 8]
28,853425,[2 4 1 5 3 9 6 7 8 0],588546,[1 6 5 8 3 4 9 0 2 7],111959,[0 3 8 2 5 9 7 6 4 1],2284129,[6 2 7 1 4 5 0 3 9 8],301957,[0 8 4 9 3 2 6 1 7 5],1410271,[3 8 9 6 5 1 2 0 7 4],1643709,[4 5 8 0 9 3 7 2 6 1],3437785,[9 4 2 0 7 3 1 5 8 6],1709059,[4 7 3 0 8 1 9 2 6 5],2944749,[8 1 0 3 9 5 7 4 6 2],2557663,[7 0 4 5 2 9 3 1 8 6],2499698,[6 8 9 7 4 5 0 2 1 3],902782,[2 5 4 0 9 1 8 7 3 6],1429342,[3 9 4 6 1 0 8 7 2 5],1322292,[3 6 8 2 5 0 7 1 4 9],2325381,[6 3 7 2 8 0 9 4 5 1],2751668,[7 5 1 9 6 3 8 2 0 4],1067710,[2 9 4 7 8 3 6 5 0 1],2622725,[7 2 0 4 8 1 3 9 6 5],2004022,[5 4 7 6 2 0 9 8 1 3]
29,519442,[1 4 9 0 5 7 3 8 2 6],3200961,[8 7 3 0 6 5 2 4 9 1],2385458,[6 5 1 3 0 9 2 7 4 8],2762616,[7 5 4 0 9 8 1 2 3 6],1930025,[5 2 8 9 4 3 6 7 1 0],1594545,[4 3 6 2 7 9 1 5 8 0],1414748,[3 9 0 6 8 4 7 2 1 5],1911957,[5 2 4 3 6 9 8 1 7 0],2397728,[6 5 3 8 1 0 4 7 2 9],517512,[1 4 8 6 7 5 0 2 3 9],2605981,[7 1 6 0 4 5 8 2 9 3],1913801,[5 2 4 8 0 3 7 9 6 1],657881,[1 8 3 5 7 2 6 9 4 0],1683913,[4 6 8 0 7 5 1 2 9 3],1703603,[4 7 2 0 1 8 5 9 6 3],2094652,[5 7 9 4 1 3 0 8 2 6],1071539,[2 9 5 6 1 4 3 8 7 0],2177141,[5 9 8 7 4 6 0 3 2 1],396696,[1 0 8 6 9 7 2 3 4 5],731563,[2 0 3 4 1 6 9 5 8 7]
30,119321,[0 3 9 6 7 2 5 8 4 1],145193,[0 4 6 8 5 9 3 7 2 1],1388725,[3 8 4 5 7 6 2 0 9 1],578004,[1 6 3 7 8 5 4 0 2 9],3424332,[9 3 8 4 0 1 6 2 5 7],1267031,[3 5 4 2 8 6 9 7 1 0],49780,[0 2 3 9 1 8 4 7 5 6],1651437,[4 5 9 6 3 8 7 1 2 0],1041387,[2 8 7 5 3 1 0 6 9 4],707760,[1 9 5 4 0 2 3 6 7 8],1127785,[3 0 9 7 4 2 1 5 8 6],3128848,[8 5 4 7 3 6 2 9 0 1],1939416,[5 3 0 8 6 9 1 2 4 7],2396152,[6 5 3 2 9 8 4 7 0 1],2677215,[7 3 4 1 5 0 8 6 9 2],942801,[2 6 4 0 5 8 3 7 9 1],1320746,[3 6 8 0 4 2 1 7 5 9],3262952,[8 9 7 2 6 1 3 4 0 5],1892937,[5 1 9 6 0 4 3 7 8 2],1524032,[4 1 8 3 7 2 5 6 0 9]
31,1138757,[3 1 2 9 6 7 0 8 5 4],3347830,[9 2 0 3 7 5 8 6 1 4],2024936,[5 6 1 8 3 4 2 7 0 9],3402053,[9 3 4 0 1 6 2 8 7 5],2322108,[6 3 5 8 0 9 4 1 2 7],1321488,[3 6 8 1 4 5 0 2 7 9],1719670,[4 7 6 1 3 5 9 8 0 2],1249989,[3 5 0 1 2 7 9 6 8 4],3032080,[8 3 1 6 2 4 7 9 0 5],395872,[1 0 8 5 7 9 4 6 2 3],2669062,[7 3 1 6 0 2 9 8 4 5],1025505,[2 8 4 5 1 9 3 6 7 0],3203203,[8 7 3 4 9 1 6 0 5 2],1918755,[5 2 6 7 9 4 0 3 8 1],439338,[1 2 9 3 4 0 8 5 6 7],3272106,[9 0 2 3 6 5 8 1 4 7],3587324,[9 7 8 5 2 1 6 3 0 4],9035,[0 1 3 8 6 4 5 9 7 2],666269,[1 8 5 2 4 3 0 9 7 6],3320568,[9 1 3 7 8 4 0 2 5 6]
32,182357,[0 5 6 2 3 8 1 9 7 4],1872221,[5 1 4 6 2 9 0 8 7 3],956797,[2 6 7 8 9 1 4 0 5 3],1202922,[3 2 8 6 7 1 9 0 4 5],617069,[1 7 3 5 0 4 2 9 8 6],454775,[1 3 4 2 7 8 9 6 5 0],3102987,[8 4 9 5 6 1 0 3 7 2],895940,[2 5 1 8 4 0 9 6 3 7],2143263,[5 9 1 2 7 4 6 3 8 0],1654603,[4 6 0 3 1 5 9 2 8 7],112375,[0 3 8 4 1 6 5 2 9 7],167855,[0 5 2 4 1 8 9 7 6 3],1896055,[5 2 0 3 6 7 4 1 9 8],1097019,[3 0 2 7 6 9 1 5 8 4],304178,[0 8 5 3 4 9 1 6 2 7],3449374,[9 4 5 2 7 6 8 3 0 1],1419782,[3 9 1 6 8 4 5 2 0 7],3338527,[9 1 7 3 8 0 4 2 6 5],2079796,[5 7 4 6 3 8 0 9 1 2],2146877,[5 9 1 8 6 4 0 7 3 2]
33,3278818,[9 0 3 5 8 4 2 7 1 6],1725883,[4 7 8 3 0 2 9 1 6 5],1896138,[5 2 0 3 7 1 9 4 6 8],2583391,[7 1 0 6 2 4 5 3 9 8],3483527,[9 5 3 1 2 4 8 7 6 0],2542640,[7 0 1 5 4 8 3 6 2 9],3470106,[9 5 0 4 6 3 8 1 2 7],1874430,[5 1 4 9 3 2 6 0 7 8],1682280,[4 6 7 8 3 0 1 2 5 9],1016066,[2 8 1 6 3 4 0 7 5 9],803410,[2 1 9 4 8 0 5 7 3 6],918392,[2 5 8 1 6 3 4 7 0 9],2249523,[6 1 8 3 4 0 2 7 9 5],2483042,[6 8 4 5 7 0 1 3 2 9],963740,[2 6 9 1 5 0 8 4 3 7],3102579,[8 4 9 5 0 7 1 3 6 2],1300460,[3 6 2 0 4 1 9 7 5 8],2118065,[5 8 4 1 7 3 6 9 2 0],3593875,[9 8 1 0 4 7 6 2 5 3],379383,[1 0 5 3 9 6 7 4 8 2]
34,934509,[2 6 1 4 9 5 8 3 7 0],3345770,[9 1 8 6 7 3 0 4 2 5],1779512,[4 9 1 0 6 3 5 7 2 8],3517605,[9 6 1 8 4 2 7 3 5 0],3190880,[8 7 1 0 6 5 3 4 2 9],3348971,[9 2 0 5 4 1 6 8 7 3],3332663,[9 1 6 2 7 0 8 5 4 3],1862662,[5 1 2 7 0 3 9 8 4 6],3517623,[9 6 1 8 4 3 5 2 7 0],2036247,[5 6 4 0 1 8 7 3 9 2],2300881,[6 3 0 5 8 1 2 4 9 7],2304783,[6 3 1 4 0 7 8 5 9 2],2364487,[6 4 7 1 0 2 5 3 9 8],1647522,[4 5 8 9 1 2 7 0 3 6],3183440,[8 6 9 4 2 5 1 3 0 7],367901,[1 0 2 9 8 7 3 6 5 4],1629156,[4 5 3 1 8 2 7 0 6 9],529010,[1 5 0 9 7 4 2 6 3 8],2699875,[7 3 9 5 6 8 4 0 2 1],2888129,[7 9 5 0 2 6 4 8 3 1]
35,1088592,[2 9 8 7 6 4 0 1 3 5],2196332,[6 0 4 8 3 7 9 2 1 5],484238,[1 4 0 2 7 5 8 6 3 9],1330590,[3 7 0 1 2 5 6 4 8 9],1362078,[3 7 8 1 6 5 2 0 4 9],2379322,[6 5 0 1 7 8 3 9 2 4],692409,[1 9 2 4 7 0 5 6 8 3],2435308,[6 7 3 1 4 2 0 9 5 8],985641,[2 7 4 5 9 6 1 3 8 0],3570720,[9 7 4 3 2 0 1 5 6 8],2449051,[6 7 5 9 2 4 8 0 3 1],385131,[1 0 6 4 9 5 2 7 8 3],1368612,[3 7 9 4 8 0 5 1 2 6],1140167,[3 1 4 2 7 5 9 8 6 0],1938751,[5 3 0 7 8 2 4 1 9 6],1514487,[4 1 6 5 3 8 7 2 9 0],752119,[2 0 7 3 6 8 4 1 9 5],2811859,[7 6 5 9 2 0 8 1 4 3],1492402,[4 1 0 2 8 7 5 9 3 6],1843756,[5 0 7 8 6 4 1 9 2 3]
36,2322162,[6 3 5 8 1 2 9 0 4 7],3084784,[8 4 5 0 3 6 7 9 1 2],442538,[1 2 9 7 5 8 0 4 3 6],1925948,[5 2 8 0 9 4 7 3 1 6],2676760,[7 3 4 0 8 2 6 9 1 5],1244520,[3 4 8 9 5 0 1 2 6 7],1019358,[2 8 3 1 7 6 4 0 5 9],200775,[0 5 9 7 8 1 4 3 6 2],2422549,[6 7 0 5 4 9 3 1 8 2],2214932,[6 0 9 4 2 7 8 3 1 5],2788177,[7 6 1 2 4 9 0 3 8 5],2617262,[7 1 9 3 0 5 6 4 2 8],2595460,[7 1 3 9 6 8 0 5 2 4],1879079,[5 1 6 8 7 9 4 3 2 0],661754,[1 8 4 3 0 7 2 6 5 9],2773685,[7 5 8 2 3 0 1 9 6 4],2677861,[7 3 4 2 1 6 8 0 9 5],2911441,[8 0 2 6 7 1 3 4 9 5],27807,[0 1 7 5 6 8 4 3 9 2],1339466,[3 7 1 8 4 2 0 6 5 9]
37,2251852,[6 1 8 7 4 3 0 9 2 5],3004088,[8 2 5 0 4 1 6 7 3 9],1693959,[4 7 0 1 8 3 6 5 9 2],2940003,[8 0 9 3 4 1 2 6 7 5],1703310,[4 7 1 9 6 2 3 0 5 8],1503347,[4 1 3 2 9 8 5 7 6 0],1344955,[3 7 2 8 9 6 5 0 4 1],2846546,[7 8 4 6 3 1 0 5 2 9],2216605,[6 0 9 7 4 5 3 1 8 2],2753269,[7 5 2 1 9 8 4 0 6 3],2059003,[5 7 0 4 8 2 9 1 6 3],2010646,[5 4 8 9 3 1 7 6 0 2],640701,[1 7 9 0 8 2 6 4 5 3],1122014,[3 0 8 6 4 1 7 5 2 9],1033280,[2 8 6 0 1 7 4 5 3 9],2927574,[8 0 5 9 1 4 3 2 6 7],607792,[1 7 0 6 2 9 5 8 3 4],2228619,[6 1 3 2 4 9 0 7 8 5],2270442,[6 2 3 5 4 1 9 0 7 8],981130,[2 7 3 6 8 0 4 9 1 5]
38,1217310,[3 4 1 6 8 2 5 0 7 9],2197320,[6 0 4 9 8 1 2 3 5 7],129687,[0 4 2 8 1 7 6 5 9 3],1446140,[3 9 7 8 4 0 6 2 1 5],3518203,[9 6 2 0 4 3 8 1 7 5],1085029,[2 9 8 1 7 6 4 0 5 3],1880032,[5 1 7 0 2 9 6 8 3 4],2411347,[6 5 8 3 0 4 9 1 7 2],1884501,[5 1 7 9 3 0 8 4 6 2],2933928,[8 0 7 1 9 4 2 3 5 6],1033224,[2 8 6 0 1 4 3 5 7 9],2394178,[6 5 3 0 2 7 4 9 1 8],1013002,[2 8 0 9 7 5 3 6 1 4],3251938,[8 9 5 1 4 3 2 7 0 6],2157037,[5 9 3 8 7 1 4 0 6 2],2176678,[5 9 8 7 0 6 4 3 1 2],2819579,[7 6 9 3 0 4 2 8 5 1],1405131,[3 8 7 6 4 2 0 5 9 1],2633636,[7 2 3 5 8 9 6 1 0 4],592724,[1 6 7 5 2 3 9 4 0 8]
39,1818081,[5 0 1 8 2 7 4 6 9 3],91718,[0 3 4 2 6 5 8 7 1 9],433631,[1 2 8 0 4 6 9 7 5 3],2882547,[7 9 3 8 4 1 0 5 6 2],2781190,[7 5 9 6 4 2 8 3 0 1],1390105,[3 8 4 7 6 1 0 2 9 5],494002,[1 4 3 0 2 8 6 9 5 7],2694212,[7 3 8 4 9 5 6 1 0 2],3050844,[8 3 6 2 1 7 5 0 4 9],3402272,[9 3 4 0 5 2 6 7 1 8],3564887,[9 7 3 2 1 4 8 6 5 0],847268,[2 4 0 1 8 6 9 5 3 7],1131531,[3 1 0 6 7 5 2 8 9 4],1746938,[4 8 2 6 1 9 0 5 3 7],1984046,[5 4 1 7 6 8 3 2 0 9],3447156,[9 4 3 8 6 1 5 0 2 7],3201658,[8 7 3 1 6 4 2 9 0 5],3323080,[9 1 4 3 5 2 7 8 0 6],1362085,[3 7 8 1 6 5 4 0 9 2],1999242,[5 4 6 7 8 1 9 0 2 3]
40,1817642,[5 0 1 7 6 2 3 8 4 9],1813455,[4 9 8 6 5 0 3 2 7 1],3493245,[9 5 6 0 7 2 8 3 4 1],973687,[2 7 1 3 5 0 6 4 9 8],2295670,[6 2 9 4 3 5 8 7 0 1],664551,[1 8 4 7 9 6 3 2 5 0],3454680,[9 4 6 3 1 0 2 5 7 8],580197,[1 6 4 0 8 9 7 3 5 2],947895,[2 6 5 0 7 1 8 4 9 3],2423040,[6 7 0 8 3 1 2 4 5 9],133079,[0 4 3 5 8 9 7 6 2 1],247299,[0 7 2 1 5 9 3 6 8 4],944873,[2 6 4 5 1 9 7 8 3 0],2868240,[7 9 1 0 6 2 3 4 5 8],887818,[2 5 0 3 1 7 6 9 4 8],1192310,[3 2 6 5 9 8 4 1 0 7],814586,[2 3 1 7 5 4 0 8 6 9],938361,[2 6 3 1 4 8 5 7 9 0],543277,[1 5 4 8 6 2 7 0 9 3],2241725,[6 1 5 8 4 0 2 9 7 3]
41,61605,[0 2 6 3 7 4 9 5 8 1],538398,[1 5 3 8 7 6 2 0 4 9],1549148,[4 2 5 3 7 6 9 1 0 8],2850333,[7 8 5 3 6 4 9 1 2 0],963359,[2 6 9 0 8 7 5 4 3 1],2510879,[6 9 2 1 3 8 7 5 4 0],3139504,[8 5 7 9 2 3 4 6 0 1],3430482,[9 4 0 6 5 2 8 1 3 7],3379842,[9 2 7 5 1 3 8 0 4 6],3201085,[8 7 3 0 9 5 4 1 6 2],2127964,[5 8 7 1 4 0 2 9 3 6],528212,[1 5 0 8 6 7 9 3 2 4],2597815,[7 1 4 5 0 6 3 2 9 8],1908827,[5 2 3 8 0 9 4 7 6 1],1040417,[2 8 7 4 0 1 6 9 5 3],3389202,[9 3 0 5 2 4 8 1 6 7],1550972,[4 2 5 8 0 7 9 3 1 6],734917,[2 0 3 8 7 4 6 1 9 5],1297556,[3 6 1 5 0 9 8 4 2 7],1893804,[5 1 9 7 2 6 4 0 3 8]
42,1462539,[4 0 3 2 5 9 1 7 8 6],1139333,[3 1 4 0 6 7 2 9 8 5],23390,[0 1 6 7 4 9 5 3 2 8],3136030,[8 5 7 1 4 3 9 6 0 2],3226501,[8 9 0 2 3 5 6 1 7 4],2551006,[7 0 3 2 1 5 9 8 4 6],1160352,[3 1 8 2 6 7 0 4 5 9],1103803,[3 0 5 1 2 6 9 4 8 7],1968672,[5 3 8 6 1 7 0 2 4 9],2847517,[7 8 4 9 6 1 3 0 5 2],151474,[0 4 8 1 5 3 6 9 2 7],1630139,[4 5 3 6 0 7 2 9 8 1],3041100,[8 3 4 2 7 5 6 0 1 9],119000,[0 3 9 6 2 7 4 5 1 8],3167899,[8 6 4 3 9 0 7 1 5 2],1316880,[3 6 7 2 0 1 4 5 8 9],1154101,[3 1 6 9 8 4 5 0 7 2],162876,[0 5 1 4 3 6 8 2 7 9],671449,[1 8 6 2 5 4 0 3 9 7],3296633,[9 0 7 1 5 8 4 6 3 2]
43,3186641,[8 7 0 2 9 3 5 6 4 1],1437189,[3 9 6 1 0 5 8 4 7 2],852059,[2 4 1 0 6 7 5 9 8 3],1598123,[4 3 7 0 6 8 2 9 5 1],2419390,[6 7 0 1 3 5 9 8 2 4],886794,[2 4 9 8 5 7 6 0 1 3],2974259,[8 1 7 0 9 4 3 6 5 2],2781030,[7 5 9 6 3 1 2 0 4 8],2200588,[6 0 5 7 3 2 1 9 4 8],980823,[2 7 3 6 1 5 8 4 9 0],3246378,[8 9 4 0 7 1 6 2 3 5],2138803,[5 9 0 3 6 2 8 1 7 4],3354846,[9 2 1 6 5 0 4 3 7 8],181513,[0 5 6 1 2 8 3 4 9 7],217772,[0 6 4 2 5 8 9 3 1 7],1173846,[3 2 0 9 5 1 6 4 7 8],534094,[1 5 2 9 7 6 8 4 0 3],573263,[1 6 2 8 3 0 9 7 5 4],656349,[1 8 3 2 6 5 9 4 7 0],2546579,[7 0 2 3 9 5 4 8 6 1]
44,451900,[1 3 2 7 6 9 0 8 4 5],2963779,[8 1 5 0 4 2 9 3 7 6],1747415,[4 8 2 6 9 5 7 3 1 0],260791,[0 7 4 8 2 3 5 1 9 6],3243872,[8 9 3 5 2 1 4 6 0 7],142646,[0 4 6 3 1 8 7 5 2 9],340369,[0 9 4 5 7 3 1 2 8 6],2071947,[5 7 3 0 8 2 1 6 9 4],638097,[1 7 8 5 2 4 3 6 9 0],3582450,[9 7 6 5 3 4 8 0 1 2],3446171,[9 4 3 7 2 0 5 8 6 1],1794761,[4 9 5 0 7 2 6 8 3 1],3549414,[9 7 0 2 6 4 3 1 5 8],1600086,[4 3 7 5 2 0 6 1 8 9],260957,[0 7 4 8 3 6 1 9 5 2],1104415,[3 0 5 1 9 6 4 2 8 7],2769314,[7 5 6 3 1 8 0 4 2 9],193514,[0 5 8 3 7 6 1 4 2 9],217293,[0 6 4 1 8 7 9 3 5 2],2553625,[7 0 3 6 8 2 1 4 9 5]
45,135689,[0 4 3 9 5 7 6 8 2 1],2873212,[7 9 2 0 5 4 1 8 3 6],3276134,[9 0 3 1 4 2 7 6 5 8],836337,[2 3 7 9 5 4 1 6 8 0],3392150,[9 3 1 0 4 8 6 5 2 7],161154,[0 4 9 8 6 7 5 1 2 3],361110,[0 9 8 5 4 2 3 1 6 7],1891948,[5 1 9 3 7 2 0 8 4 6],2938279,[8 0 7 9 6 4 2 1 5 3],999305,[2 7 8 1 9 4 5 6 3 0],2074313,[5 7 3 4 9 8 2 6 1 0],2029404,[5 6 2 7 4 8 3 0 1 9],772731,[2 1 3 5 4 7 0 8 9 6],3059379,[8 3 9 0 1 7 2 5 6 4],3312133,[9 1 2 3 4 0 7 5 8 6],820907,[2 3 4 9 0 8 5 7 6 1],682908,[1 8 9 4 3 7 5 0 2 6],3278456,[9 0 3 5 4 6 2 7 1 8],2523638,[6 9 4 7 0 2 5 3 1 8],811021,[2 3 0 9 5 6 7 1 8 4]
46,1536276,[4 2 0 8 7 3 6 1 5 9],807479,[2 3 0 4 6 9 8 7 5 1],2678247,[7 3 4 2 8 6 5 1 9 0],2588252,[7 1 2 5 8 6 9 3 0 4],2821942,[7 6 9 8 2 0 5 4 1 3],1324779,[3 6 8 7 9 5 0 2 4 1],1091385,[3 0 1 6 8 9 4 5 7 2],1605830,[4 3 8 6 1 9 5 2 0 7],2582132,[7 1 0 4 3 8 9 5 2 6],3107030,[8 5 0 4 2 9 6 3 1 7],2322531,[6 3 5 8 7 2 0 4 9 1],3504806,[9 5 8 2 6 4 3 1 0 7],1016474,[2 8 1 6 7 5 0 4 3 9],2802600,[7 6 4 0 5 1 2 3 8 9],3455000,[9 4 6 3 5 7 1 2 0 8],2254095,[6 1 9 2 7 0 5 4 8 3],1791727,[4 9 3 5 6 0 2 1 8 7],514231,[1 4 8 0 3 5 6 2 9 7],217661,[0 6 4 2 3 9 1 8 7 5],557812,[1 5 8 6 7 3 0 9 2 4]
47,1831760,[5 0 4 6 1 8 3 7 2 9],2617197,[7 1 9 2 8 6 5 3 4 0],2223132,[6 1 2 0 8 3 7 4 5 9],2017621,[5 6 0 3 2 7 8 1 9 4],1890107,[5 1 9 0 2 8 4 7 6 3],2816684,[7 6 8 9 0 2 5 3 1 4],518172,[1 4 8 7 6 0 5 2 3 9],2213903,[6 0 9 2 8 1 7 5 4 3],836974,[2 3 8 0 5 7 9 6 1 4],3531607,[9 6 4 7 0 1 3 2 8 5],821008,[2 3 4 9 1 7 6 8 0 5],2947331,[8 1 0 7 5 2 4 9 6 3],776004,[2 1 3 9 7 6 5 0 4 8],3308635,[9 1 0 5 3 8 7 2 6 4],703969,[1 9 4 6 7 3 0 2 8 5],1798445,[4 9 5 7 8 0 1 6 3 2],3298524,[9 0 7 4 2 6 5 1 3 8],1993974,[5 4 3 7 2 6 1 0 8 9],220309,[0 6 4 7 9 8 3 1 5 2],1931205,[5 2 9 1 3 4 8 6 7 0]
48,967822,[2 7 0 1 4 3 9 8 5 6],2273114,[6 2 4 0 1 8 3 7 5 9],3534840,[9 6 5 2 4 0 1 3 7 8],350645,[0 9 6 5 1 2 3 8 7 4],2722926,[7 4 5 1 9 0 3 2 6 8],977629,[2 7 1 9 6 8 4 0 5 3],2494466,[6 8 7 9 3 1 0 4 2 5],3291602,[9 0 6 1 7 2 3 5 4 8],1846202,[5 0 8 3 2 1 4 7 6 9],78940,[0 2 9 6 5 8 1 7 3 4],612207,[1 7 2 5 3 8 6 4 9 0],1945965,[5 3 2 0 8 4 9 6 7 1],2686649,[7 3 6 0 4 8 5 9 2 1],2503760,[6 9 0 7 3 5 2 4 1 8],2900554,[7 9 8 3 4 1 2 6 0 5],1735349,[4 8 0 3 2 5 1 9 7 6],1117550,[3 0 7 8 1 9 5 4 2 6],3407991,[9 3 5 1 2 8 6 4 7 0],2329050,[6 3 8 0 7 5 9 1 2 4],3073719,[8 4 1 9 0 3 6 5 7 2]
49,3197962,[8 7 2 4 5 6 1 9 0 3],347415,[0 9 5 8 4 1 6 3 7 2],1720939,[4 7 6 3 1 0 9 2 8 5],2931106,[8 0 6 4 9 7 2 5 1 3],276972,[0 7 8 9 5 1 4 2 3 6],792582,[2 1 7 3 8 9 4 0 5 6],2486581,[6 8 5 2 4 3 7 0 9 1],1341716,[3 7 2 1 5 9 8 4 0 6],2188784,[6 0 3 2 9 8 4 5 1 7],1642320,[4 5 7 9 0 1 2 3 6 8],2463167,[6 8 0 7 1 3 9 5 4 2],1254264,[3 5 0 9 1 4 2 6 7 8],3448962,[9 4 5 2 1 3 8 0 6 7],1292569,[3 6 0 5 2 7 1 4 9 8],3119283,[8 5 2 9 3 0 1 6 7 4],2967999,[8 1 5 9 2 3 6 4 7 0],1446043,[3 9 7 8 2 1 6 0 5 4],2823640,[7 8 0 2 6 3 5 9 1 4],1058988,[2 9 3 0 7 8 5 1 4 6],3376673,[9 2 6 8 5 7 3 4 1 0]
50,467331,[1 3 6 8 0 5 2 7 9 4],1362289,[3 7 8 2 0 5 1 4 9 6],2274514,[6 2 4 3 0 5 7 9 1 8],1041357,[2 8 7 5 1 9 6 3 4 0],1841253,[5 0 7 3 2 8 9 4 6 1],1394325,[3 8 5 6 4 1 9 2 7 0],1269175,[3 5 4 8 7 2 1 0 9 6],2854252,[7 8 6 2 1 4 0 9 3 5],1819210,[5 0 1 9 7 2 4 8 3 6],361460,[0 9 8 6 1 2 7 4 3 5],2584692,[7 1 0 8 9 2 5 3 4 6],824722,[2 3 5 7 4 8 1 9 0 6],876573,[2 4 7 9 3 6 8 1 5 0],1099235,[3 0 4 1 8 5 6 9 7 2],1306615,[3 6 4 1 8 5 2 0 9 7],569340,[1 6 0 9 7 4 5 2 3 8],2519266,[6 9 3 7 8 5 1 4 0 2],2824635,[7 8 0 4 1 6 2 5 9 3],2184161,[6 0 2 4 7 3 8 9 5 1],985160,[2 7 4 5 1 8 3 6 0 9]
51,2653498,[7 2 8 4 3 5 1 9 0 6],3297055,[9 0 7 2 3 5 4 1 8 6],2242394,[6 1 5 9 3 7 0 4 2 8],2193481,[6 0 4 2 7 1 3 5 9 8],873349,[2 4 7 1 9 8 5 0 6 3],954284,[2 6 7 3 4 1 9 5 0 8],2482013,[6 8 4 3 1 5 0 9 7 2],72761,[0 2 8 5 1 4 7 9 6 3],1964266,[5 3 7 8 0 9 2 6 1 4],3405316,[9 3 4 6 5 7 0 8 1 2],765977,[2 0 9 8 7 1 5 6 4 3],1125798,[3 0 9 4 6 7 2 1 5 8],601137,[1 6 9 2 8 4 3 5 7 0],260003,[0 7 4 6 1 8 3 9 5 2],2541310,[7 0 1 3 6 5 9 8 2 4],2851270,[7 8 5 6 0 3 9 4 1 2],2448013,[6 7 5 8 0 1 4 2 9 3],686829,[1 9 0 3 8 5 7 4 6 2],1474858,[4 0 6 7 3 5 2 9 1 8],3282498,[9 0 4 3 1 2 8 5 6 7]
52,2540463,[7 0 1 2 5 6 8 4 9 3],2423490,[6 7 0 8 9 4 5 1 2 3],3105481,[8 5 0 2 3 1 4 6 9 7],937056,[2 6 1 9 4 8 0 3 5 7],3423339,[9 3 8 1 5 7 0 4 6 2],2296427,[6 2 9 5 3 8 1 7 4 0],1990021,[5 4 2 8 9 3 6 0 7 1],668693,[1 8 5 6 7 3 0 9 4 2],805635,[2 1 9 7 8 5 0 4 6 3],1818189,[5 0 1 8 3 6 9 4 7 2],1359252,[3 7 6 5 9 0 4 1 2 8],3249100,[8 9 4 5 3 7 0 6 1 2],451971,[1 3 2 7 8 5 0 6 9 4],3402233,[9 3 4 0 2 8 6 7 5 1],1735614,[4 8 0 3 6 5 2 1 7 9],1622082,[4 5 1 8 9 2 7 0 3 6],1241628,[3 4 8 2 5 9 6 0 1 7],114300,[0 3 8 6 7 4 5 1 2 9],438699,[1 2 9 0 4 8 3 6 7 5],3222829,[8 7 9 3 0 6 4 1 5 2]
53,1295530,[3 6 1 0 5 2 7 9 4 8],1005394,[2 7 9 4 3 1 5 8 0 6],1528717,[4 1 9 3 2 5 7 0 8 6],2741509,[7 4 9 8 3 6 2 0 5 1],767402,[2 1 0 4 9 3 5 7 6 8],3159176,[8 6 2 7 5 3 1 4 0 9],716654,[1 9 7 2 4 0 6 5 3 8],209245,[0 6 2 5 7 8 4 1 9 3],1553512,[4 2 6 1 7 9 5 8 0 3],429228,[1 2 7 3 0 9 6 4 5 8],1536158,[4 2 0 8 6 3 7 5 1 9],1569186,[4 2 9 3 5 6 8 0 1 7],2566167,[7 0 6 2 1 8 5 4 9 3],2235531,[6 1 4 5 9 3 0 7 8 2],749361,[2 0 6 7 8 5 3 4 9 1],1597494,[4 3 6 9 7 2 1 0 5 8],3035288,[8 3 2 1 7 0 5 6 4 9],3393746,[9 3 1 4 6 2 0 7 5 8],1889345,[5 1 8 9 0 4 6 7 3 2],827878,[2 3 6 1 8 9 7 5 0 4]
54,3319092,[9 1 3 5 8 0 6 2 4 7],2663442,[7 3 0 5 2 4 9 1 6 8],3505835,[9 5 8 4 1 2 3 7 6 0],934821,[2 6 1 5 4 0 9 7 8 3],2687319,[7 3 6 1 4 2 8 5 9 0],1283248,[3 5 8 6 1 7 4 9 0 2],244421,[0 7 1 5 4 9 2 8 6 3],3128507,[8 5 4 7 0 9 2 6 3 1],1625068,[4 5 2 6 0 3 1 9 7 8],1012905,[2 8 0 9 6 7 3 4 5 1],3215374,[8 7 5 9 4 3 6 2 0 1],1824698,[5 0 3 1 4 9 2 7 6 8],2233169,[6 1 4 0 7 8 5 9 3 2],1050481,[2 9 0 5 1 3 4 6 8 7],1799129,[4 9 5 8 6 3 2 7 1 0],1654233,[4 6 0 2 7 3 5 8 9 1],431987,[1 2 7 6 9 8 3 5 4 0],2014848,[5 4 9 7 2 3 0 1 6 8],1366609,[3 7 9 1 0 5 2 4 8 6],189657,[0 5 7 6 3 4 2 8 9 1]
55,3414000,[9 3 6 2 7 0 1 4 5 8],3310433,[9 1 0 7 6 8 4 5 3 2],304263,[0 8 5 3 6 4 7 2 9 1],2505459,[6 9 1 0 7 8 2 4 5 3],564786,[1 6 0 2 5 7 9 3 4 8],1708646,[4 7 3 0 1 8 6 5 2 9],2982608,[8 1 9 6 4 0 3 5 2 7],2576112,[7 0 9 1 8 5 2 3 4 6],1868102,[5 1 3 7 6 4 8 2 0 9],1642130,[4 5 7 8 6 2 0 3 1 9],2975819,[8 1 7 4 0 5 3 9 6 2],2428465,[6 7 1 8 9 2 0 3 5 4],1655677,[4 6 0 5 7 2 8 1 9 3],1927733,[5 2 8 4 3 6 0 9 7 1],1458188,[4 0 2 5 3 7 9 6 1 8],1080892,[2 9 7 4 1 5 0 8 3 6],1622966,[4 5 2 0 1 8 7 6 3 9],26520,[0 1 7 3 9 2 4 5 6 8],2116151,[5 8 3 9 0 4 7 6 2 1],308710,[0 8 6 2 7 4 9 5 1 3]
56,3548681,[9 7 0 1 6 3 5 8 4 2],1467063,[4 0 5 1 7 6 8 3 9 2],90173,[0 3 2 9 4 6 1 8 7 5],209011,[0 6 2 5 3 8 9 1 7 4],2034038,[5 6 3 7 0 2 8 4 1 9],2492689,[6 8 7 4 0 3 1 2 9 5],952299,[2 6 5 9 4 8 0 3 7 1],1388547,[3 8 4 5 6 1 0 7 9 2],1550264,[4 2 5 7 0 9 3 6 1 8],2149614,[5 9 2 4 6 3 1 0 7 8],934337,[2 6 1 4 8 0 7 9 5 3],44634,[0 2 1 8 9 7 6 3 4 5],751750,[2 0 7 3 1 6 9 8 4 5],2222372,[6 1 0 9 5 7 8 3 2 4],1716754,[4 7 5 6 2 1 3 9 0 8],2967153,[8 1 5 7 0 3 4 6 9 2],771868,[2 1 3 4 0 6 5 9 7 8],2950783,[8 1 2 5 3 9 4 0 7 6],2424481,[6 7 1 0 4 2 3 5 9 8],481300,[1 3 9 5 4 8 0 7 2 6]
57,1851400,[5 0 9 3 4 2 7 8 1 6],3434908,[9 4 1 5 7 2 0 8 3 6],962831,[2 6 9 0 3 5 8 7 4 1],466028,[1 3 6 5 2 7 9 4 0 8],2708727,[7 4 1 5 0 8 6 3 9 2],1890974,[5 1 9 2 4 0 7 6 3 8],2074964,[5 7 3 6 9 1 8 2 0 4],1088711,[3 0 1 2 4 7 9 8 6 5],407843,[1 2 0 9 5 7 4 8 6 3],3300951,[9 0 7 8 4 6 3 2 5 1],2562141,[7 0 5 3 6 1 9 4 8 2],2895110,[7 9 6 2 8 5 3 1 0 4],2732674,[7 4 8 1 3 2 5 9 0 6],1409865,[3 8 9 6 0 7 2 4 5 1],3130793,[8 5 6 1 2 9 4 7 3 0],2119366,[5 8 4 3 6 1 9 7 0 2],2750589,[7 5 1 8 2 4 9 3 6 0],1514206,[4 1 6 5 0 3 9 8 2 7],2867613,[7 9 0 8 5 4 6 2 3 1],3172083,[8 6 5 2 7 0 1 4 9 3]
58,833763,[2 3 7 5 0 1 4 8 9 6],2725732,[7 4 5 8 6 2 0 9 1 3],3185753,[8 7 0 1 5 9 4 6 3 2],168527,[0 5 2 6 1 4 9 8 7 3],2353966,[6 4 3 0 5 2 9 8 1 7],44179,[0 2 1 8 5 3 9 4 7 6],349353,[0 9 6 3 2 4 5 7 8 1],1409975,[3 8 9 6 1 5 7 4 2 0],1360654,[3 7 6 9 5 4 8 2 0 1],1007634,[2 7 9 8 3 6 5 0 1 4],2166830,[5 9 6 8 2 7 3 1 0 4],1982727,[5 4 1 3 8 7 6 2 9 0],1935529,[5 3 0 1 4 7 2 6 9 8],2159601,[5 9 4 3 2 7 1 6 8 0],1051281,[2 9 0 6 1 7 4 5 8 3],1556781,[4 2 6 9 1 0 8 5 7 3],2029910,[5 6 2 8 1 9 4 3 0 7],1728476,[4 7 8 9 3 6 5 1 0 2],3442285,[9 4 2 8 7 5 3 0 6 1],2801062,[7 6 3 8 2 0 9 5 1 4]
59,433022,[1 2 7 9 4 5 6 3 0 8],2564493,[7 0 5 8 6 4 9 2 3 1],2670822,[7 3 1 9 4 8 2 0 5 6],2580343,[7 0 9 8 5 6 2 1 4 3],118788,[0 3 9 5 8 7 4 1 2 6],262824,[0 7 5 2 1 4 3 6 8 9],3170894,[8 6 5 1 0 2 7 4 3 9],817629,[2 3 4 1 7 6 9 5 8 0],1001570,[2 7 8 6 0 4 1 5 3 9],3394819,[9 3 1 6 0 2 8 4 7 5],1414317,[3 9 0 6 2 8 7 4 5 1],803682,[2 1 9 5 3 4 8 0 6 7],1097370,[3 0 2 8 1 7 9 4 5 6],524988,[1 5 0 3 2 9 7 4 6 8],1853272,[5 0 9 6 8 7 3 4 1 2],1926050,[5 2 8 1 0 6 3 7 4 9],2080358,[5 7 4 8 2 1 6 3 0 9],1890141,[5 1 9 0 3 2 8 6 7 4],221900,[0 6 5 1 3 2 9 7 4 8],286629,[0 8 1 9 2 5 7 4 6 3]
60,1519864,[4 1 7 5 9 3 6 8 0 2],969762,[2 7 0 4 9 3 8 1 5 6],2494886,[6 8 9 0 1 5 4 3 2 7],1482625,[4 0 8 2 3 5 1 6 9 7],3248697,[8 9 4 5 0 3 2 6 7 1],1030431,[2 8 5 4 0 9 6 3 7 1],343365,[0 9 5 1 8 3 7 4 6 2],3296700,[9 0 7 1 6 4 5 2 3 8],1423782,[3 9 2 5 4 8 1 0 6 7],594047,[1 6 7 9 0 3 8 5 4 2],1763266,[4 8 6 7 9 5 1 3 0 2],896364,[2 5 1 8 9 6 4 0 3 7],3526497,[9 6 3 5 8 2 1 4 7 0],1157370,[3 1 7 6 4 8 9 0 2 5],1085903,[2 9 8 4 1 0 7 6 5 3],1721254,[4 7 6 3 5 8 9 2 0 1],1050232,[2 9 0 4 6 8 5 7 1 3],902463,[2 5 4 0 6 7 8 3 9 1],869523,[2 4 6 5 8 0 1 7 9 3],3556755,[9 7 1 5 8 4 0 3 6 2]
61,1471858,[4 0 6 1 3 7 5 9 2 8],135289,[0 4 3 8 9 5 1 2 7 6],1024055,[2 8 4 1 3 7 9 6 5 0],2585388,[7 1 0 9 6 8 4 2 3 5],3256930,[8 9 6 1 4 0 3 7 2 5],2943944,[8 1 0 2 7 9 4 5 3 6],399935,[1 0 9 4 5 7 8 6 3 2],2977988,[8 1 7 9 0 4 6 3 2 5],637101,[1 7 8 3 9 0 6 4 5 2],2078548,[5 7 4 2 9 1 0 8 3 6],1177782,[3 2 1 7 8 9 4 0 5 6],1320817,[3 6 8 0 4 9 1 2 7 5],1306976,[3 6 4 2 1 7 5 8 0 9],814787,[2 3 1 7 6 9 4 8 5 0],3152662,[8 6 1 4 7 0 9 5 2 3],815495,[2 3 1 8 6 7 9 5 4 0],1723982,[4 7 8 0 3 5 6 2 1 9],1360390,[3 7 6 9 2 4 8 5 0 1],3451016,[9 4 5 7 0 3 2 6 1 8],1143504,[3 1 4 9 2 5 0 6 7 8]
62,2603638,[7 1 5 6 0 9 8 4 2 3],1067932,[2 9 4 8 1 5 0 7 3 6],2603382,[7 1 5 4 8 9 2 0 3 6],979759,[2 7 3 4 8 6 1 0 9 5],1500649,[4 1 2 8 3 6 0 5 9 7],3317185,[9 1 3 2 4 5 0 6 8 7],424593,[1 2 6 3 8 4 5 7 9 0],791397,[2 1 7 0 3 9 8 5 6 4],1550970,[4 2 5 8 0 7 9 1 3 6],185337,[0 5 6 8 3 4 2 7 9 1],1086235,[2 9 8 4 5 7 6 0 3 1],1775573,[4 9 0 3 1 6 2 8 7 5],3487626,[9 5 3 8 7 2 6 0 1 4],1361630,[3 7 8 1 0 9 5 4 2 6],1294409,[3 6 0 8 7 5 4 9 2 1],2298475,[6 3 0 1 4 9 8 2 7 5],1088862,[3 0 1 2 5 9 6 4 7 8],554254,[1 5 7 9 6 4 8 3 0 2],3394426,[9 3 1 5 4 8 2 7 0 6],3110305,[8 5 1 0 9 3 2 4 7 6]
63,3139415,[8 5 7 9 1 4 6 3 2 0],1735627,[4 8 0 3 6 5 9 1 7 2],1620990,[4 5 1 7 3 2 6 0 8 9],724201,[1 9 8 5 7 0 2 3 6 4],608114,[1 7 0 6 5 8 2 4 3 9],596614,[1 6 8 3 5 7 9 4 0 2],2080454,[5 7 4 8 3 0 6 2 1 9],3087286,[8 4 5 3 9 1 7 6 0 2],2168071,[5 9 7 1 2 3 4 0 8 6],824975,[2 3 5 7 8 6 9 4 1 0],2064371,[5 7 1 6 2 0 4 9 8 3],2336080,[6 3 9 4 5 1 7 8 0 2],843273,[2 3 9 4 1 5 6 7 8 0],2443006,[6 7 4 8 0 2 9 5 1 3],2477209,[6 8 3 4 5 2 0 1 9 7],1782093,[4 9 1 6 0 7 8 3 5 2],3318543,[9 1 3 5 0 6 7 4 8 2],3189871,[8 7 0 9 3 2 4 1 6 5],2985763,[8 2 0 4 9 3 7 1 6 5],3154909,[8 6 1 9 5 7 3 0 4 2]
64,3363195,[9 2 4 3 0 7 1 6 8 5],1973926,[5 3 9 6 4 1 8 7 0 2],62112,[0 2 6 4 3 8 1 5 7 9],3408942,[9 3 5 2 6 8 1 0 4 7],3023486,[8 2 9 7 1 5 4 3 0 6],3159548,[8 6 2 9 1 4 7 3 0 5],1435982,[3 9 5 8 2 4 6 1 0 7],642141,[1 7 9 3 8 0 6 4 5 2],3591082,[9 8 0 4 5 6 2 7 1 3],1968882,[5 3 8 6 4 1 9 0 2 7],2823176,[7 8 0 2 1 5 4 6 3 9],3133287,[8 5 6 4 7 3 2 1 9 0],881533,[2 4 8 9 3 0 6 1 7 5],1283655,[3 5 8 6 9 0 4 2 7 1],680167,[1 8 7 9 5 0 3 2 6 4],2686772,[7 3 6 0 5 8 9 2 1 4],3399287,[9 3 2 5 1 4 8 7 6 0],635955,[1 7 8 2 3 6 0 5 9 4],1661513,[4 6 1 7 5 9 3 8 2 0],3141735,[8 5 9 2 4 0 6 3 7 1]
65,3583468,[9 7 8 0 1 3 2 6 4 5],1990507,[5 4 2 9 6 3 8 0 7 1],3462591,[9 4 8 0 1 7 5 3 6 2],1725918,[4 7 8 3 0 6 2 1 5 9],2664803,[7 3 0 8 1 6 4 9 5 2],1011833,[2 8 0 7 3 9 5 6 4 1],3079972,[8 4 3 0 7 5 1 9 2 6],1742104,[4 8 1 6 5 3 7 9 0 2],2896927,[7 9 6 5 3 0 2 1 8 4],1271452,[3 5 6 1 9 4 0 8 2 7],1473061,[4 0 6 2 9 5 7 1 8 3],197574,[0 5 9 2 4 6 3 1 7 8],2202175,[6 0 5 9 4 3 2 1 8 7],2997250,[8 2 3 6 9 0 4 7 1 5],1753555,[4 8 3 9 2 7 6 0 5 1],3492648,[9 5 4 8 7 2 0 1 3 6],1554058,[4 2 6 3 5 7 1 9 0 8],3059301,[8 3 9 0 1 2 7 5 6 4],3035361,[8 3 2 1 7 6 4 5 9 0],1945232,[5 3 1 9 7 2 4 6 0 8]
66,1449878,[3 9 8 5 6 1 4 2 0 7],3576084,[9 7 5 3 6 4 2 0 1 8],387432,[1 0 6 9 2 7 3 4 5 8],1168931,[3 1 9 8 5 0 4 7 6 2],200618,[0 5 9 7 4 8 1 3 2 6],1563515,[4 2 8 1 6 3 5 9 7 0],2255084,[6 1 9 4 0 3 8 5 2 7],1477889,[4 0 7 2 6 8 5 9 3 1],266542,[0 7 5 9 2 1 8 6 3 4],3219758,[8 7 6 5 9 1 3 2 0 4],2752671,[7 5 2 1 0 9 6 4 8 3],2090413,[5 7 8 6 2 0 4 1 9 3],1765630,[4 8 7 2 1 5 9 6 0 3],3303153,[9 0 8 3 6 2 4 5 7 1],458346,[1 3 4 9 6 5 8 0 2 7],1788881,[4 9 2 8 5 1 6 7 3 0],2955168,[8 1 3 4 5 6 0 2 7 9],559477,[1 5 9 0 2 4 7 3 8 6],2467085,[6 8 1 4 5 0 2 9 7 3],3261593,[8 9 7 0 6 5 3 4 2 1]
67,1812049,[4 9 8 3 6 2 0 1 7 5],1533980,[4 2 0 5 7 1 9 6 3 8],2275097,[6 2 4 3 9 0 7 8 5 1],1108618,[3 0 5 9 7 4 2 8 1 6],2373089,[6 4 8 7 9 3 2 5 1 0],1040313,[2 8 7 3 9 1 4 5 6 0],825097,[2 3 5 7 9 8 0 1 6 4],210647,[0 6 2 8 5 3 9 7 4 1],964627,[2 6 9 3 7 4 8 0 5 1],1090743,[3 0 1 5 9 6 7 4 8 2],2982218,[8 1 9 5 7 6 0 3 2 4],1113759,[3 0 6 9 8 2 5 4 7 1],1105770,[3 0 5 4 8 7 9 1 2 6],1802045,[4 9 6 3 8 0 1 7 5 2],1044935,[2 8 9 3 1 6 7 5 4 0],428698,[1 2 7 0 5 6 4 9 3 8],3451199,[9 4 5 7 1 8 6 3 2 0],898673,[2 5 3 4 0 9 7 8 6 1],815905,[2 3 1 9 4 5 0 6 8 7],2687177,[7 3 6 1 2 0 8 9 5 4]
68,3348773,[9 2 0 5 1 6 3 8 7 4],2644216,[7 2 5 6 4 0 8 9 1 3],3475318,[9 5 1 4 7 8 6 3 0 2],160240,[0 4 9 7 5 2 6 8 1 3],1325682,[3 6 9 0 2 4 8 1 5 7],1297286,[3 6 1 4 8 7 5 2 0 9],1301540,[3 6 2 1 8 0 9 5 4 7],2155057,[5 9 3 6 0 8 1 2 7 4],49035,[0 2 3 8 1 7 4 6 9 5],2480863,[6 8 4 1 5 9 2 0 7 3],2225412,[6 1 2 5 9 0 7 3 4 8],1860448,[5 1 2 0 9 7 6 8 3 4],925509,[2 5 9 6 3 4 8 1 7 0],3563572,[9 7 3 0 4 5 1 8 2 6],3301813,[9 0 8 1 7 2 5 3 6 4],3245929,[8 9 4 0 2 5 1 3 7 6],899232,[2 5 3 4 9 7 0 1 6 8],3251108,[8 9 5 0 3 4 7 2 1 6],815461,[2 3 1 8 6 5 7 0 9 4],461648,[1 3 5 7 2 0 6 8 4 9]
69,1484836,[4 0 8 6 2 7 1 9 3 5],3503935,[9 5 8 1 4 3 2 0 7 6],3290968,[9 0 5 8 6 4 3 7 1 2],3203885,[8 7 3 5 9 0 1 6 4 2],1999431,[5 4 6 7 9 8 2 1 3 0],3030171,[8 3 1 2 6 5 0 7 9 4],2486065,[6 8 5 1 9 2 0 3 7 4],2180107,[6 0 1 5 9 4 8 2 7 3],3359560,[9 2 3 6 0 4 7 8 1 5],1517073,[4 1 7 0 2 5 6 8 9 3],228646,[0 6 7 3 5 2 9 8 1 4],695308,[1 9 2 8 6 3 0 7 4 5],816959,[2 3 4 0 7 9 8 6 5 1],331887,[0 9 2 7 8 5 4 3 6 1],2084959,[5 7 6 4 8 3 1 0 9 2],2692736,[7 3 8 1 9 4 2 5 0 6],1484896,[4 0 8 6 3 1 7 9 2 5],1715581,[4 7 5 2 8 3 6 0 9 1],2902982,[7 9 8 6 5 2 3 1 0 4],946969,[2 6 4 9 1 5 0 3 8 7]
70,553438,[1 5 7 8 4 9 6 3 0 2],462599,[1 3 5 8 4 9 7 6 2 0],913356,[2 5 7 1 6 3 8 0 4 9],3492569,[9 5 4 8 6 3 2 7 1 0],1494621,[4 1 0 6 9 2 8 5 7 3],1779110,[4 9 0 8 7 6 3 2 1 5],3283431,[9 0 4 5 2 8 6 3 7 1],2185157,[6 0 2 5 9 7 1 8 4 3],2007345,[5 4 8 1 9 7 2 3 6 0],1370064,[3 7 9 6 8 1 0 2 4 5],1158548,[3 1 7 9 0 5 8 4 2 6],1557972,[4 2 7 0 9 1 6 3 5 8],1321203,[3 6 8 1 0 2 4 7 9 5],3225603,[8 9 0 1 2 3 4 6 7 5],423333,[1 2 5 9 8 6 7 3 4 0],795266,[2 1 7 8 5 3 0 6 4 9],1541821,[4 2 1 9 5 6 7 0 8 3],356526,[0 9 7 6 2 1 4 3 5 8],230239,[0 6 7 5 8 4 2 1 9 3],1313802,[3 6 5 7 8 1 9 0 2 4]
71,459152,[1 3 5 0 8 4 6 7 2 9],3168500,[8 6 4 5 7 0 9 2 1 3],1450357,[3 9 8 6 2 1 5 0 7 4],2090084,[5 7 8 4 9 1 6 2 0 3],2062373,[5 7 1 2 4 6 0 9 8 3],2145928,[5 9 1 7 3 6 4 8 0 2],2035968,[5 6 3 9 7 2 0 1 4 8],3242833,[8 9 3 2 7 5 0 1 6 4],168935,[0 5 2 6 7 8 9 4 3 1],85936,[0 3 2 1 6 4 8 9 5 7],2894976,[7 9 6 2 5 8 0 1 3 4],942003,[2 6 3 9 4 0 1 7 8 5],3226145,[8 9 0 1 6 4 5 7 3 2],3530690,[9 6 4 3 7 2 0 5 1 8],1085755,[2 9 8 3 7 6 5 0 4 1],3031623,[8 3 1 5 6 4 7 2 9 0],325607,[0 9 1 6 3 4 8 7 5 2],1233561,[3 4 6 8 1 7 2 5 9 0],2332810,[6 3 8 9 0 1 4 7 2 5],2617400,[7 1 9 3 2 6 4 5 0 8]
72,3515613,[9 6 1 4 7 5 8 2 3 0],2752278,[7 5 2 0 6 8 3 1 4 9],16873,[0 1 5 4 6 8 2 3 9 7],2500912,[6 9 0 2 4 8 5 7 1 3],1720207,[4 7 6 2 1 0 5 3 9 8],800539,[2 1 8 7 9 0 6 3 5 4],2028680,[5 6 2 4 7 8 1 3 0 9],119392,[0 3 9 6 7 8 4 5 1 2],2581062,[7 1 0 2 8 9 4 3 5 6],2682393,[7 3 5 1 6 2 4 8 9 0],1335710,[3 7 1 0 2 9 6 5 4 8],2210597,[6 0 8 5 2 7 1 9 4 3],2587342,[7 1 2 4 6 0 9 8 3 5],2000631,[5 4 6 9 3 8 2 1 7 0],520608,[1 4 9 3 0 6 2 5 7 8],356867,[0 9 7 6 4 8 2 5 3 1],917400,[2 5 8 0 3 1 4 6 7 9],1973848,[5 3 9 6 2 7 4 8 0 1],3281611,[9 0 4 1 7 6 8 2 5 3],963288,[2 6 9 0 8 4 1 3 5 7]
73,886697,[2 4 9 8 5 0 6 7 3 1],3043438,[8 3 4 7 9 6 5 2 0 1],3440599,[9 4 2 6 5 7 1 0 8 3],2221647,[6 1 0 8 5 7 4 3 9 2],3425938,[9 3 8 6 1 4 2 7 0 5],1586344,[4 3 2 8 1 6 7 9 0 5],3294252,[9 0 6 5 3 1 7 2 4 8],312114,[0 8 6 9 3 7 5 1 2 4],228040,[0 6 7 2 8 3 5 9 1 4],1772906,[4 8 9 6 2 1 0 5 3 7],700070,[1 9 3 8 2 7 5 4 0 6],1720246,[4 7 6 2 1 3 9 8 0 5],2963919,[8 1 5 0 6 3 7 4 9 2],3372337,[9 2 6 0 7 8 1 3 5 4],3477291,[9 5 1 8 4 3 0 6 7 2],1861646,[5 1 2 4 7 8 6 3 0 9],3219633,[8 7 6 5 4 1 2 3 9 0],1446420,[3 9 7 8 6 2 4 0 1 5],2487830,[6 8 5 4 1 9 3 2 0 7],2770977,[7 5 6 8 3 2 1 4 9 0]
74,3546679,[9 6 8 4 7 3 1 0 5 2],601179,[1 6 9 2 8 7 0 4 5 3],1640907,[4 5 7 6 0 2 1 8 9 3],17619,[0 1 5 6 4 9 2 7 8 3],2747911,[7 5 1 2 6 3 4 0 9 8],2420303,[6 7 0 2 5 1 9 8 4 3],2095252,[5 7 9 6 0 3 1 8 2 4],1158437,[3 1 7 8 9 5 0 6 4 2],1000620,[2 7 8 4 6 3 5 0 1 9],2950003,[8 1 2 4 3 5 9 0 7 6],902365,[2 5 4 0 3 8 7 1 9 6],1538564,[4 2 1 3 9 5 8 6 0 7],529420,[1 5 2 0 4 9 3 8 6 7],1165292,[3 1 9 2 5 7 8 4 0 6],3026829,[8 3 0 5 9 4 7 2 6 1],2386609,[6 5 1 4 8 3 0 2 9 7],1268245,[3 5 4 7 2 8 6 0 9 1],3591423,[9 8 0 5 1 4 6 3 7 2],1386123,[3 8 4 0 2 1 5 7 9 6],2619866,[7 1 9 6 5 2 0 4 3 8]
75,1202686,[3 2 8 6 4 1 9 7 0 5],855687,[2 4 1 8 5 7 6 3 9 0],3117895,[8 5 2 6 3 4 1 0 9 7],1694437,[4 7 0 2 5 3 8 1 9 6],2704315,[7 4 0 5 9 8 6 1 3 2],439048,[1 2 9 0 7 6 5 8 3 4],3084431,[8 4 3 9 7 2 6 5 1 0],2978613,[8 1 7 9 6 4 5 2 3 0],2546099,[7 0 2 3 4 6 5 9 8 1],660558,[1 8 4 0 5 7 3 2 6 9],569328,[1 6 0 9 7 4 2 3 5 8],3113872,[8 5 1 7 6 9 3 4 0 2],1069094,[2 9 5 0 8 1 6 4 3 7],339697,[0 9 4 3 7 8 1 2 6 5],731257,[2 0 3 1 7 9 4 5 8 6],2773301,[7 5 8 1 6 9 0 4 3 2],293879,[0 8 3 4 1 9 7 6 5 2],2069188,[5 7 2 4 9 1 0 8 3 6],1669030,[4 6 3 1 0 7 9 8 2 5],311399,[0 8 6 7 3 9 5 4 2 1]
76,1670887,[4 6 3 5 8 0 2 1 9 7],1425139,[3 9 2 7 4 0 8 1 6 5],2250148,[6 1 8 4 2 3 0 9 5 7],1133468,[3 1 0 9 4 6 8 5 2 7],3092690,[8 4 6 5 2 3 0 7 1 9],1844989,[5 0 8 1 4 9 6 2 7 3],1040287,[2 8 7 3 9 0 4 1 6 5],1156991,[3 1 7 5 9 4 8 6 2 0],1010866,[2 8 0 5 9 7 3 6 1 4],1098621,[3 0 2 9 8 1 7 5 6 4],1841217,[5 0 7 3 2 6 4 8 9 1],2483428,[6 8 4 7 1 2 0 9 3 5],3227692,[8 9 0 3 7 4 1 6 2 5],1474029,[4 0 6 5 2 7 9 3 8 1],976374,[2 7 1 8 0 5 4 3 6 9],2621308,[7 2 0 1 8 4 3 9 5 6],1796101,[4 9 5 2 6 3 7 0 8 1],767699,[2 1 0 5 4 7 6 9 8 3],345398,[0 9 5 4 7 2 6 3 1 8],2598158,[7 1 4 5 6 2 8 3 0 9]
77,1695601,[4 7 0 5 1 2 3 6 9 8],416556,[1 2 4 7 6 3 8 0 5 9],1627844,[4 5 2 9 8 1 7 3 0 6],2288306,[6 2 8 0 3 4 1 7 5 9],479307,[1 3 9 0 7 4 2 6 8 5],947527,[2 6 5 0 1 3 7 4 9 8],2803902,[7 6 4 2 1 9 3 0 5 8],865467,[2 4 5 8 0 3 1 7 9 6],943230,[2 6 4 1 0 5 7 3 8 9],2799770,[7 6 3 4 5 2 0 8 1 9],1437239,[3 9 6 1 0 8 7 5 4 2],3275905,[9 0 2 8 7 3 1 4 6 5],681314,[1 8 9 2 3 6 0 5 4 7],1004227,[2 7 9 1 6 4 8 0 5 3],2831070,[7 8 1 6 0 3 4 2 5 9],148625,[0 4 7 5 3 6 8 9 2 1],473833,[1 3 8 0 2 7 4 5 9 6],2012693,[5 4 9 2 3 6 0 8 7 1],179738,[0 5 4 7 6 9 1 3 2 8],3252730,[8 9 5 2 6 0 3 7 1 4]
78,2186762,[6 0 2 9 3 1 4 7 5 8],2865906,[7 9 0 5 3 4 8 1 2 6],869829,[2 4 6 7 0 5 9 3 8 1],1816846,[5 0 1 6 4 3 9 8 2 7],3115913,[8 5 2 1 6 9 4 7 3 0],974388,[2 7 1 4 3 9 6 0 5 8],1538807,[4 2 1 5 3 6 9 8 7 0],2014141,[5 4 9 6 2 3 7 0 8 1],2299827,[6 3 0 4 2 5 1 8 9 7],3113938,[8 5 1 7 9 3 2 6 0 4],2236610,[6 1 4 8 3 5 0 7 2 9],64514,[0 2 6 8 5 7 1 4 3 9],521082,[1 4 9 3 7 2 8 0 5 6],570583,[1 6 2 3 5 9 4 0 8 7],2147661,[5 9 2 0 8 1 7 4 6 3],3430331,[9 4 0 6 3 1 5 8 7 2],3333819,[9 1 6 4 2 8 0 5 7 3],713217,[1 9 6 4 5 3 2 7 8 0],2479942,[6 8 4 0 3 1 9 7 2 5],409903,[1 2 3 5 4 9 6 0 8 7]
79,2031515,[5 6 3 0 7 2 4 9 8 1],1073136,[2 9 5 8 3 7 0 1 4 6],3099409,[8 4 7 9 5 2 0 1 6 3],2850330,[7 8 5 3 6 4 9 0 1 2],2211794,[6 0 8 7 9 4 1 3 2 5],578656,[1 6 3 8 7 0 5 9 2 4],746428,[2 0 6 1 8 4 3 9 5 7],1079515,[2 9 7 1 3 8 6 0 5 4],775589,[2 1 3 9 4 5 0 8 7 6],180710,[0 5 4 8 9 7 3 2 1 6],1617688,[4 5 0 9 7 6 3 8 1 2],1042193,[2 8 7 6 3 9 4 5 1 0],2652750,[7 2 8 3 4 1 5 0 6 9],2921764,[8 0 4 7 1 2 3 9 5 6],3360130,[9 2 3 6 8 0 4 7 1 5],484203,[1 4 0 2 7 3 5 8 9 6],1849762,[5 0 9 1 2 7 4 8 3 6],1821931,[5 0 2 6 4 8 9 1 7 3],2935929,[8 0 7 4 6 1 3 5 9 2],2965555,[8 1 5 3 7 9 6 0 4 2]
80,1920493,[5 2 7 0 4 1 8 3 9 6],2869133,[7 9 1 2 8 4 0 6 5 3],1735353,[4 8 0 3 2 5 6 7 9 1],2833755,[7 8 2 1 6 5 0 4 9 3],2822381,[7 6 9 8 5 4 0 3 2 1],559835,[1 5 9 0 6 3 4 8 7 2],2176124,[5 9 8 6 2 1 7 3 0 4],791747,[2 1 7 0 6 9 4 8 5 3],2317629,[6 3 4 8 9 2 7 1 5 0],872355,[2 4 7 0 6 8 1 5 9 3],171089,[0 5 2 9 6 7 4 8 3 1],149885,[0 4 7 8 2 1 3 9 6 5],2283782,[6 2 7 0 9 4 5 3 1 8],2194651,[6 0 4 5 1 8 9 2 7 3],207750,[0 6 2 3 7 4 5 1 8 9],562100,[1 5 9 4 7 0 8 3 2 6],1152886,[3 1 6 8 2 4 9 7 0 5],1103548,[3 0 4 9 7 2 1 8 5 6],1623484,[4 5 2 0 9 1 3 8 6 7],163707,[0 5 1 6 4 3 2 8 9 7]
81,1567705,[4 2 9 0 5 3 1 6 8 7],119205,[0 3 9 6 5 2 8 4 7 1],675376,[1 8 7 0 2 3 6 9 4 5],926165,[2 5 9 7 3 0 1 8 6 4],100531,[0 3 5 9 6 7 8 1 4 2],3511651,[9 6 0 7 2 5 8 1 4 3],127806,[0 4 2 5 7 1 6 3 8 9],2483413,[6 8 4 7 1 0 5 2 9 3],1436460,[3 9 6 0 1 5 7 2 4 8],14728,[0 1 4 9 5 7 6 8 2 3],1204121,[3 2 8 9 4 1 6 7 5 0],1114631,[3 0 7 2 1 6 9 8 5 4],546853,[1 5 6 4 7 0 8 2 9 3],2216157,[6 0 9 5 8 7 4 2 3 1],78653,[0 2 9 6 3 5 1 8 7 4],2339969,[6 4 0 2 9 7 5 8 3 1],1718719,[4 7 6 0 1 8 3 2 9 5],3125207,[8 5 4 0 6 2 9 7 3 1],677816,[1 8 7 4 3 5 2 6 0 9],107079,[0 3 7 2 8 4 6 5 9 1]
82,2487008,[6 8 5 3 1 0 4 7 2 9],459634,[1 3 5 2 6 4 7 9 0 8],3185487,[8 7 0 1 3 6 5 4 9 2],2434625,[6 7 3 0 4 5 8 9 2 1],200288,[0 5 9 7 2 1 4 6 3 8],2090792,[5 7 8 6 9 1 2 3 0 4],2862051,[7 8 9 6 0 3 1 4 5 2],3330119,[9 1 5 7 0 8 6 4 3 2],1249378,[3 4 9 8 1 5 2 7 0 6],723185,[1 9 8 4 3 5 6 7 2 0],2534600,[6 9 7 8 1 4 2 3 0 5],3383875,[9 2 8 3 6 7 5 0 4 1],1439081,[3 9 6 4 7 1 5 8 2 0],3592689,[9 8 0 6 7 1 3 4 5 2],193105,[0 5 8 3 2 4 1 6 9 7],1516154,[4 1 6 8 7 5 0 3 2 9],1861771,[5 1 2 4 8 7 9 0 6 3],10639,[0 1 4 2 8 7 5 3 9 6],679689,[1 8 7 9 0 2 4 5 6 3],1792561,[4 9 3 6 7 0 1 2 8 5]
83,1249265,[3 4 9 8 0 5 6 7 2 1],242487,[0 7 1 2 8 6 5 4 9 3],2255337,[6 1 9 4 3 5 2 7 8 0],2948783,[8 1 2 0 6 3 9 7 5 4],3578732,[9 7 6 0 3 5 8 2 1 4],2991823,[8 2 1 6 3 9 4 0 7 5],516607,[1 4 8 5 6 0 3 2 9 7],3372863,[9 2 6 1 5 0 8 7 4 3],3124834,[8 5 4 0 1 3 6 9 2 7],1305009,[3 6 2 9 5 0 4 7 8 1],210615,[0 6 2 8 5 1 7 4 9 3],1257223,[3 5 1 6 0 9 4 2 8 7],733610,[2 0 3 6 9 5 1 7 4 8],1392677,[3 8 5 2 1 7 0 9 6 4],1322564,[3 6 8 2 9 1 7 4 0 5],2434488,[6 7 3 0 2 5 1 4 8 9],1309852,[3 6 4 9 1 5 0 8 2 7],1840311,[5 0 7 1 9 8 4 3 6 2],1571877,[4 2 9 8 0 7 6 3 5 1],2236753,[6 1 4 8 5 7 0 2 9 3]
84,76889,[0 2 9 3 7 6 5 8 4 1],1840029,[5 0 7 1 6 4 9 3 8 2],375059,[1 0 4 5 9 6 3 8 7 2],1724506,[4 7 8 1 0 9 3 6 2 5],1031662,[2 8 5 6 9 0 7 4 1 3],3409292,[9 3 5 4 0 7 8 2 1 6],3468109,[9 5 0 1 7 8 4 2 6 3],2664283,[7 3 0 6 4 2 9 1 8 5],626240,[1 7 5 2 8 6 3 4 0 9],102033,[0 3 6 2 8 4 5 7 9 1],283822,[0 8 1 4 3 2 9 7 5 6],1559682,[4 2 7 5 1 3 9 0 6 8],2343451,[6 4 0 9 7 5 8 1 3 2],1453914,[4 0 1 6 3 9 8 2 5 7],3226720,[8 9 0 2 5 3 6 7 1 4],1009906,[2 8 0 4 6 9 3 7 1 5],2149012,[5 9 2 3 7 4 0 8 1 6],2948747,[8 1 2 0 5 9 4 7 6 3],1841841,[5 0 7 4 1 8 3 6 9 2],1435684,[3 9 5 8 0 1 2 7 4 6]
85,951273,[2 6 5 8 1 3 4 7 9 0],442006,[1 2 9 6 8 3 7 5 0 4],2743704,[7 5 0 3 8 2 1 4 6 9],1980282,[5 4 0 9 3 2 8 1 6 7],3177247,[8 6 7 2 9 0 3 1 5 4],3296764,[9 0 7 1 8 2 3 6 4 5],3220097,[8 7 6 9 2 0 4 5 3 1],1103143,[3 0 4 9 1 8 5 2 7 6],1815712,[5 0 1 3 8 9 6 7 2 4],897536,[2 5 3 0 7 6 4 8 1 9],364860,[1 0 2 5 8 6 7 3 4 9],3075805,[8 4 2 1 9 6 5 0 7 3],307910,[0 8 6 1 5 9 4 3 2 7],15605,[0 1 5 2 8 3 4 9 7 6],3487802,[9 5 4 0 2 1 3 7 6 8],1168638,[3 1 9 8 0 6 4 2 5 7],2469473,[6 8 1 9 5 7 3 4 2 0],2579852,[7 0 9 8 1 5 6 3 2 4],395828,[1 0 8 5 7 4 9 3 2 6],1197125,[3 2 7 5 8 0 1 9 6 4]
86,2192097,[6 0 3 9 5 4 2 7 8 1],925696,[2 5 9 6 7 0 4 8 1 3],2516828,[6 9 3 2 5 4 8 1 0 7],2468244,[6 8 1 7 0 5 4 2 3 9],2502486,[6 9 0 4 7 1 3 2 5 8],1708594,[4 7 3 0 1 5 6 9 2 8],1846686,[5 0 8 3 9 1 4 2 6 7],3025283,[8 3 0 2 7 6 4 9 5 1],2632956,[7 2 3 4 9 1 6 0 5 8],2172776,[5 9 8 0 6 3 2 4 1 7],1312862,[3 6 5 4 2 7 8 1 0 9],670305,[1 8 5 9 7 6 2 3 4 0],1494735,[4 1 0 7 2 3 8 6 9 5],2122327,[5 8 6 0 7 1 3 2 9 4],1823279,[5 0 2 8 3 9 7 6 4 1],1290797,[3 6 0 1 8 7 2 9 5 4],2349923,[6 4 2 1 8 7 3 9 5 0],267575,[0 7 6 1 5 8 9 4 3 2],3373081,[9 2 6 1 8 0 3 4 7 5],1591542,[4 3 5 8 2 9 1 0 6 7]
87,2480630,[6 8 4 1 2 9 5 3 0 7],868184,[2 4 6 1 8 9 3 5 0 7],3025452,[8 3 0 4 1 2 7 5 6 9],2057173,[5 7 0 2 3 1 8 4 9 6],970102,[2 7 0 5 4 1 9 8 3 6],1712558,[4 7 3 8 5 1 6 2 0 9],435605,[1 2 8 5 0 3 4 9 7 6],2919884,[8 0 4 3 5 2 9 6 1 7],615008,[1 7 3 0 4 2 6 8 5 9],1227956,[3 4 5 7 2 9 8 1 0 6],2255194,[6 1 9 4 2 3 5 8 0 7],3057889,[8 3 7 6 0 4 1 2 9 5],844088,[2 3 9 5 4 0 6 7 1 8],1615781,[4 5 0 7 1 9 2 8 6 3],2674371,[7 3 2 6 4 5 0 8 9 1],1138117,[3 1 2 8 7 4 6 0 9 5],1981233,[5 4 1 0 8 3 6 7 9 2],3541022,[9 6 7 4 0 3 5 2 1 8],623457,[1 7 4 6 9 3 2 5 8 0],420698,[1 2 5 6 3 9 0 7 4 8]
88,3553529,[9 7 1 0 4 6 5 8 3 2],2656310,[7 2 9 0 3 8 5 4 1 6],1987675,[5 4 2 3 7 9 8 0 6 1],1651817,[4 5 9 7 1 0 6 8 3 2],324227,[0 9 1 4 3 8 5 7 6 2],2125889,[5 8 6 7 3 4 2 9 1 0],540718,[1 5 4 2 9 8 7 6 0 3],2352501,[6 4 2 8 3 0 9 5 7 1],1147547,[3 1 5 7 8 9 2 6 4 0],254925,[0 7 3 6 1 4 9 5 8 2],1183600,[3 2 4 8 9 1 6 7 0 5],2051840,[5 6 9 0 7 4 2 3 1 8],3601780,[9 8 2 5 3 7 0 6 1 4],2204290,[6 0 7 3 5 1 4 9 2 8],2284166,[6 2 7 1 4 8 5 3 0 9],1428172,[3 9 4 2 6 5 0 8 1 7],872699,[2 4 7 1 0 6 5 9 8 3],269622,[0 7 6 4 3 9 2 1 5 8],2235405,[6 1 4 5 8 2 9 3 7 0],3419678,[9 3 7 4 5 1 6 2 0 8]
89,1114312,[3 0 7 1 6 9 5 8 2 4],100314,[0 3 5 9 2 8 7 1 4 6],1597772,[4 3 7 0 1 8 9 5 2 6],1015394,[2 8 1 5 3 7 0 6 4 9],2635232,[7 2 3 9 0 4 5 6 1 8],59673,[0 2 5 8 9 3 4 6 7 1],1766983,[4 8 7 5 0 9 2 1 6 3],2893128,[7 9 6 0 2 4 1 3 5 8],1661568,[4 6 1 7 8 3 0 2 5 9],396697,[1 0 8 6 9 7 2 3 5 4],2920626,[8 0 4 5 3 6 9 1 2 7],3480618,[9 5 2 6 1 0 8 3 4 7],2909324,[8 0 2 3 7 4 9 5 1 6],3325594,[9 1 4 7 8 2 3 6 0 5],1628677,[4 5 3 1 0 6 8 2 9 7],2364116,[6 4 7 0 3 9 8 2 1 5],416510,[1 2 4 7 5 9 6 3 0 8],193877,[0 5 8 4 2 7 1 9 6 3],230184,[0 6 7 5 8 2 1 3 4 9],198615,[0 5 9 3 8 1 6 4 7 2]
90,1133714,[3 1 0 9 6 7 2 5 4 8],730625,[2 0 1 9 7 5 6 8 4 3],3203308,[8 7 3 5 0 2 1 9 4 6],1214863,[3 4 1 0 5 9 6 2 8 7],2931756,[8 0 6 5 9 2 4 1 3 7],3496145,[9 5 6 4 7 2 3 8 1 0],1857148,[5 1 0 6 4 3 2 9 7 8],2417218,[6 5 9 4 1 3 2 8 0 7],2285460,[6 2 7 4 1 5 8 0 3 9],1423687,[3 9 2 5 4 0 6 1 8 7],1517765,[4 1 7 2 0 3 5 9 8 6],3263804,[8 9 7 4 0 2 6 3 1 5],3001272,[8 2 4 5 3 7 0 1 6 9],1585791,[4 3 2 7 5 9 6 1 8 0],3401711,[9 3 2 8 5 4 7 6 1 0],1624441,[4 5 2 3 1 0 6 7 9 8],3576990,[9 7 5 6 0 2 3 1 4 8],3457317,[9 4 6 8 5 7 3 1 2 0],2668572,[7 3 1 5 4 0 8 2 6 9],1070398,[2 9 5 3 6 8 7 4 0 1]
91,472051,[1 3 7 6 5 8 9 0 4 2],3243745,[8 9 3 5 1 2 0 4 7 6],2682867,[7 3 5 2 1 4 0 8 9 6],1463167,[4 0 3 5 2 1 7 6 9 8],3571750,[9 7 4 5 6 2 8 3 0 1],2191016,[6 0 3 8 1 5 4 7 2 9],1061431,[2 9 3 6 1 4 5 0 8 7],518701,[1 4 8 9 3 5 6 0 7 2],1625633,[4 5 2 6 8 9 3 7 1 0],2509073,[6 9 1 7 5 8 3 4 2 0],79076,[0 2 9 6 7 8 5 3 1 4],3326453,[9 1 5 0 2 6 3 8 7 4],3480920,[9 5 2 6 4 7 1 3 0 8],860020,[2 4 3 7 5 9 0 8 1 6],168839,[0 5 2 6 4 9 8 7 3 1],138914,[0 4 5 6 9 7 1 3 2 8],3524011,[9 6 3 1 4 7 8 0 5 2],1400963,[3 8 6 9 5 4 1 7 2 0],1527278,[4 1 9 0 3 5 7 6 2 8],902145,[2 5 3 9 8 7 1 4 6 0]
92,1419378,[3 9 1 6 4 0 8 2 5 7],279713,[0 7 9 4 3 8 5 6 2 1],2105578,[5 8 1 7 3 4 2 9 0 6],2783791,[7 6 0 3 4 2 5 1 9 8],2953061,[8 1 2 9 4 7 0 6 5 3],2150343,[5 9 2 6 4 3 7 1 8 0],2618081,[7 1 9 4 2 3 6 8 5 0],1450637,[3 9 8 6 5 4 0 7 2 1],348807,[0 9 6 2 4 7 5 3 8 1],1748216,[4 8 2 9 0 5 3 6 1 7],3487736,[9 5 4 0 1 6 3 7 2 8],1150922,[3 1 6 4 7 0 2 8 5 9],1267315,[3 5 4 6 0 9 8 1 7 2],1666715,[4 6 2 7 9 1 3 8 5 0],3101554,[8 4 9 2 6 1 3 7 0 5],855388,[2 4 1 8 0 5 3 9 6 7],2174621,[5 9 8 3 1 7 0 6 4 2],503871,[1 4 5 9 7 8 3 2 6 0],2428808,[6 7 1 9 3 0 4 5 2 8],172788,[0 5 3 2 9 8 6 1 4 7]
93,785577,[2 1 5 9 0 6 4 7 8 3],3226696,[8 9 0 2 5 1 6 7 3 4],1287727,[3 5 9 4 6 0 2 1 8 7],2461557,[6 8 0 3 7 9 5 2 4 1],2516556,[6 9 3 2 1 4 7 0 5 8],2787306,[7 6 1 0 3 5 9 2 4 8],1437244,[3 9 6 1 2 0 4 8 5 7],1822339,[5 0 2 7 1 3 9 4 8 6],1681312,[4 6 7 5 0 9 3 8 1 2],3134201,[8 5 6 9 0 2 4 7 3 1],3214471,[8 7 5 6 3 1 2 0 9 4],2019019,[5 6 0 7 2 1 9 3 8 4],2477775,[6 8 3 5 2 0 7 4 9 1],2447692,[6 7 5 4 3 2 0 9 1 8],3319943,[9 1 3 7 0 2 8 6 5 4],3372656,[9 2 6 1 3 5 4 7 0 8],743448,[2 0 5 6 7 4 1 3 8 9],3111231,[8 5 1 3 0 9 6 4 7 2],2041628,[5 6 7 0 4 3 9 2 1 8],3303310,[9 0 8 3 7 4 6 5 1 2]
94,299507,[0 8 4 3 9 7 2 6 5 1],2669395,[7 3 1 6 4 9 8 0 5 2],1159718,[3 1 8 0 7 4 6 5 2 9],1403169,[3 8 7 2 9 0 4 5 6 1],3136210,[8 5 7 1 9 0 3 6 2 4],3249838,[8 9 4 6 3 7 5 2 0 1],3463045,[9 4 8 0 6 5 3 1 7 2],3004090,[8 2 5 0 4 1 6 9 3 7],1639110,[4 5 7 1 6 2 3 0 8 9],2810806,[7 6 5 4 9 1 8 3 0 2],1804672,[4 9 7 0 3 8 5 6 1 2],1129744,[3 1 0 4 2 7 8 9 5 6],1039895,[2 8 7 3 1 6 9 5 4 0],1575075,[4 3 0 6 7 8 1 5 9 2],425185,[1 2 6 4 7 3 0 5 9 8],1016575,[2 8 1 6 9 4 3 0 7 5],2155652,[5 9 3 6 8 4 7 1 0 2],2424346,[6 7 1 0 2 9 4 8 3 5],321346,[0 8 9 6 2 7 3 5 1 4],2051892,[5 6 9 0 8 1 4 2 3 7]
95,347073,[0 9 5 8 1 3 4 6 7 2],1813094,[4 9 8 6 1 0 5 3 2 7],2474050,[6 8 2 9 1 0 4 7 3 5],1984058,[5 4 1 7 6 9 0 3 2 8],2642457,[7 2 5 3 0 6 4 8 9 1],1718014,[4 7 5 9 0 6 8 3 1 2],400630,[1 0 9 5 4 6 8 7 2 3],1469098,[4 0 5 6 3 7 2 9 1 8],3293766,[9 0 6 4 7 1 3 2 5 8],347073,[0 9 5 8 1 3 4 6 7 2],2592865,[7 1 3 5 2 4 0 6 9 8],3226813,[8 9 0 2 6 1 5 3 7 4],2200040,[6 0 5 4 7 8 2 3 1 9],2353794,[6 4 3 0 1 9 8 2 5 7],416772,[1 2 4 7 9 0 6 3 5 8],3246469,[8 9 4 0 7 6 3 1 5 2],2687344,[7 3 6 1 4 5 8 9 0 2],3174211,[8 6 5 7 3 4 9 0 2 1],393641,[1 0 8 2 7 4 6 9 5 3],1695949,[4 7 0 5 3 9 6 1 8 2]
96,1058849,[2 9 3 0 6 7 5 8 4 1],3064334,[8 4 0 1 2 3 7 6 5 9],2543139,[7 0 1 6 2 9 3 5 8 4],1873821,[5 1 4 8 6 0 9 3 7 2],2271348,[6 2 3 7 5 9 4 0 1 8],2803205,[7 6 4 1 3 0 2 9 8 5],691148,[1 9 2 0 8 5 7 4 3 6],2815241,[7 6 8 4 0 2 5 9 3 1],1840919,[5 0 7 2 8 9 6 4 3 1],3128337,[8 5 4 6 9 2 1 3 7 0],1044781,[2 8 9 3 0 5 6 1 7 4],2491144,[6 8 7 1 9 3 4 5 0 2],2728323,[7 4 6 2 3 0 1 8 9 5],782036,[2 1 5 3 0 9 8 6 4 7],2865563,[7 9 0 4 8 5 2 6 3 1],497308,[1 4 3 7 8 2 0 9 5 6],466337,[1 3 6 5 8 0 7 9 4 2],192177,[0 5 8 1 9 4 3 6 7 2],1503782,[4 1 3 5 7 6 8 2 0 9],2392903,[6 5 2 8 3 9 1 0 7 4]
97,1916926,[5 2 6 3 4 1 9 8 0 7],2997575,[8 2 3 7 1 6 9 5 4 0],2443855,[6 7 4 9 1 3 2 0 8 5],2415077,[6 5 9 1 2 7 0 8 4 3],2714180,[7 4 2 5 8 0 9 3 1 6],269377,[0 7 6 4 1 9 2 3 8 5],1196936,[3 2 7 5 4 6 1 8 0 9],584511,[1 6 4 9 7 8 3 2 5 0],3405161,[9 3 4 6 2 1 7 8 5 0],2025123,[5 6 1 8 7 0 2 4 9 3],1687882,[4 6 8 9 1 5 2 7 0 3],2898359,[7 9 8 0 3 6 5 4 2 1],1265536,[3 5 4 0 8 1 7 9 2 6],2386325,[6 5 1 4 3 0 2 9 8 7],625196,[1 7 5 0 3 9 8 4 2 6],2611893,[7 1 8 2 5 6 9 3 4 0],1432297,[3 9 5 1 2 8 0 4 7 6],620061,[1 7 4 0 3 2 9 6 8 5],56561,[0 2 5 3 7 4 8 9 6 1],1547556,[4 2 5 0 6 3 8 1 7 9]
98,3417249,[9 3 7 0 2 1 5 6 8 4],3057132,[8 3 7 5 0 1 6 2 4 9],62694,[0 2 6 5 1 7 4 3 8 9],1784940,[4 9 2 1 0 6 7 3 5 8],2999620,[8 2 4 1 0 9 3 7 5 6],436831,[1 2 8 6 7 3 4 0 9 5],2293204,[6 2 9 0 1 3 4 8 5 7],2016533,[5 6 0 1 8 4 2 9 7 3],2214065,[6 0 9 3 1 5 7 8 4 2],2607033,[7 1 6 2 9 3 4 5 8 0],426253,[1 2 6 7 0 3 8 4 9 5],2609816,[7 1 6 8 5 3 2 4 0 9],913529,[2 5 7 1 8 6 4 9 3 0],227091,[0 6 7 1 4 5 2 8 9 3],2657160,[7 2 9 1 5 0 3 4 6 8],1564180,[4 2 8 3 5 9 0 7 1 6],731546,[2 0 3 4 1 6 5 8 7 9],3533549,[9 6 5 0 7 2 1 8 4 3],2104836,[5 8 1 6 3 2 7 0 4 9],3014248,[8 2 7 0 4 6 5 9 1 3]
99,462234,[1 3 5 7 9 8 6 0 2 4],974629,[2 7 1 4 6 9 5 0 8 3],1882197,[5 1 7 4 0 9 8 3 6 2],1937036,[5 3 0 4 2 9 8 6 1 7],541366,[1 5 4 3 9 2 8 7 0 6],830812,[2 3 6 8 9 4 0 7 1 5],2331550,[6 3 8 5 1 4 9 7 0 2],1076795,[2 9 6 5 4 1 3 8 7 0],1286342,[3 5 9 1 6 4 7 2 0 8],2313579,[6 3 4 0 2 9 1 7 8 5],1976161,[5 4 0 1 8 2 3 6 9 7],377135,[1 0 4 8 7 6 9 5 3 2],3189445,[8 7 0 6 5 4 3 1 9 2],2208641,[6 0 8 2 5 3 7 9 4 1],1626957,[4 5 2 8 6 9 7 1 3 0],973779,[2 7 1 3 5 9 0 6 8 4],1219482,[3 4 1 9 7 2 8 0 5 6],719994,[1 9 7 6 8 5 4 0 2 3],1170044,[3 2 0 4 1 6 9 7 5 8],1080887,[2 9 7 4 1 3 8 6 5 0]
100,2279614,[6 2 5 3 0 8 9 7 1 4],2890997,[7 9 5 4 1 6 0 8 3 2],3177563,[8 6 7 3 1 5 2 9 4 0],3263166,[8 9 7 3 1 0 4 2 5 6],2472334,[6 8 2 4 7 5 9 3 0 1],297637,[0 8 4 1 5 3 7 2 9 6],3135697,[8 5 7 1 0 9 2 3 6 4],992578,[2 7 5 9 4 3 1 8 0 6],2000063,[5 4 6 8 9 0 7 3 2 1],1374639,[3 8 0 7 2 4 6 5 9 1],2917206,[8 0 3 7 6 1 4 2 5 9],3543292,[9 6 8 0 2 4 1 7 3 5],1569245,[4 2 9 3 6 0 1 8 7 5],3362031,[9 2 4 0 5 8 6 3 7 1],2499826,[6 8 9 7 5 4 1 3 0 2],2109132,[5 8 2 4 3 0 7 1 6 9],1324480,[3 6 8 7 4 1 5 9 0 2],2722708,[7 4 5 1 6 2 0 9 3 8],757354,[2 0 8 3 9 4 5 7 1 6],463209,[1 3 5 9 4 0 6 7 8 2]
