LCDM,Ursem,Li et al.,Cheng,Tilahun,Salleh et al.,Wineberg and Oppacher,Zhu et al.,Shi,Wang et al.,Zhao et al.,Osuna Enciso et al.
1.7545009017468729e-06,0.2872158218952134,0.2872158218952134,0.8587331512154641,0.28721582189521333,0.8587331512154641,480100.0,485169.0,0.8154723758098622,1.9793777777777777,336200970500372881300950409325198292387420679516853424129718707110783100723118762363861046013181095119415443661196600943535476376643456769029736356798793177270936,2.2277455111785225e-08
1.7388464711428776e-06,0.28717506510822993,0.28717506510822993,0.8756658628081455,0.28717506510822993,0.8756658628081455,479897.0,485171.0,0.8153631201107301,1.9785252525252526,332844874159744421388478201781409096636618342310939414314613764101154511598226776258071368191125015227932881811571888554821323086270666988497487421211931818117238,2.2161795555749918e-08
1.7376551601768898e-06,0.2871112714385531,0.2871112714385531,0.8664923721417349,0.28711127143855314,0.8664923721417349,479679.0,485217.0,0.8151628570428565,1.977648484848485,331677196960539481840306709442227407925614598810836299105593548690625591895706366702559425946982516332474679319703909843738266550142448045973181599262791142007164,2.2099778283799055e-08
1.7401489432791518e-06,0.28721254243784905,0.28721254243784905,0.8660175034867501,0.28721254243784905,0.8660175034867501,479441.0,485216.0,0.815464602543232,1.9766545454545457,331705371772099485605637149174698382850085525189038876819259226535208149461912698386011546971809763443752836773595972670209203827963496640485062936480162214003280,2.2564402182133202e-08
1.748337099197147e-06,0.28716965513996157,0.28716965513996157,0.871359655893456,0.2871696551399616,0.871359655893456,479091.0,485200.0,0.8153452467670081,1.9752282828282828,337271157307304171125966283514053345344907824879868627710119371039343105733821893138012568933244260904142008187920940003767662373374282389174211708219073023396870,2.2218054233424696e-08
1.7269734898603585e-06,0.28711013663379004,0.28711013663379004,0.8532341580756017,0.28711013663379004,0.8532341580756017,478723.0,485228.0,0.8151589561831186,1.9737090909090909,335212636951377288396397376588089002206169686135179291780002987879517600269566121471061996839112790358625878126885388244975040965996365537864758258171997449119934,2.2100806574020396e-08
1.7365071259387488e-06,0.2870177607761335,0.2870177607761335,0.8566413684515837,0.28701776077613356,0.8566413684515837,478539.0,485234.0,0.8149077769967438,1.972969696969697,337468557385781977783829382504928810474599012437207041203376080444216763028471609719779746757500303405323263657711758616266366979495509507642579926543097547823038,2.2331790786334742e-08
1.7317383253096019e-06,0.2869157959676734,0.2869157959676734,0.8654041172365665,0.2869157959676734,0.8654041172365665,477999.0,485268.0,0.8146175192619122,1.970759595959596,340002796892082449338837030630043844876878328483859607272847567503643019200385927382673115958040724582164537806038970069435484983399889068871069595950211849010126,2.1865885279219126e-08
1.7257517955655199e-06,0.2868096673658961,0.2868096673658961,0.8632857700239677,0.2868096673658961,0.8632857700239677,477540.0,485272.0,0.8143074855264149,1.9688686868686867,340567432409480729296278902529384359792894213654263880389470043005401637440300846401598143892096398206303453655051561773777855924143016056850093557305843753084114,2.2565001765010218e-08
1.7255924447852698e-06,0.28672465316404117,0.28672465316404117,0.8615644043743211,0.28672465316404117,0.8615644043743211,476995.0,485171.0,0.8140665072802709,1.9666343434343434,340521330437396898145909325729809182411862596551856219097258285521166861195069376081763829513650150868247451273413071496362996085878506038024606827576134588419240,2.233353525307353e-08
1.7256751424523091e-06,0.2866564454273995,0.2866564454273995,0.8642580550530485,0.28665644542739954,0.8642580550530485,476633.0,485108.0,0.8138789114092048,1.9651393939393942,340109003005600152347236670377908827815896736463437815910374407429539767257036731511078431111840531119213697705218325514013335649025180177921843163689983838493716,2.205246564854326e-08
1.7097180251990135e-06,0.28646968744426277,0.28646968744426277,0.8588951355107713,0.2864696874442628,0.8588951355107713,475759.0,485039.0,0.8133318252313712,1.9615515151515153,338574024041723643414089444043465779210001797439292677062483848107119896615260837041742716462082453415888358465230372335998015845449027132276944541107989892996548,2.210447886436555e-08
1.7174348255518547e-06,0.28644025374374527,0.28644025374374527,0.8523706896551722,0.2864402537437453,0.8523706896551722,475292.0,485047.0,0.8132438486288758,1.9596404040404038,335590772194148373230974267246023052277554547279636074822375349433506690931459998523236096729124388169575004506551372024144847221101094920167033244240843220709416,2.2676305339663433e-08
1.7130982888068991e-06,0.28628157349351757,0.28628157349351757,0.8549025065780359,0.2862815734935176,0.8549025065780359,474992.0,485015.0,0.8127958139205826,1.9584040404040406,335527453683942255732718019163134893752508294958527484947644056216375821905858998966072943778762530407071706089000436981687036179873889833848835262110154615699096,2.2505421552805423e-08
1.7129875355770295e-06,0.28610241954546695,0.28610241954546695,0.8472842730296621,0.28610241954546695,0.8472842730296621,474302.0,484975.0,0.8122927906013003,1.9555838383838384,335437678184681670066333261533184636051980551008598439461122809776110808587563812393046333323529694932639266128022370975237703465136743446944773111888472937954220,2.244545105566428e-08
1.7061620295540888e-06,0.2860526159987417,0.2860526159987417,0.8426753282275711,0.28605261599874177,0.8426753282275711,473788.0,484817.0,0.8121593190171011,1.9534626262626262,335317194327381805113713743786430672788612752834757109160234878152514355687583374591558653260180496982839620422911930478426024950567639916449653565238900700498002,2.216584668201266e-08
1.7207120292717222e-06,0.2858233062156723,0.2858233062156723,0.8370768864231991,0.28582330621567226,0.8370768864231991,473053.0,484808.0,0.8115215915931736,1.9504040404040404,337626918240367561981433962689808358933790794072372178857419571171757540375036001944259635738283065780047248859350210720094547456220343879460390814054161986950592,2.2164692661619746e-08
1.7306058419957255e-06,0.2857330952427627,0.2857330952427627,0.8433099654283047,0.2857330952427627,0.8433099654283047,472340.0,484713.0,0.8112640134549182,1.9474868686868687,337118179013541112417971260752350992560791802022393141182936875332740743610613845013238270714139154573659553222568434319421047324922840499537205114485991465886556,2.1827985512917205e-08
1.74988158446018e-06,0.2855701397698773,0.2855701397698773,0.8455338502217197,0.2855701397698773,0.8455338502217197,471574.0,484624.0,0.8108140672221191,1.9443595959595958,343151717783133069436677938757909190613837046121733813105287963257442833903520582740369688270537818003652884082647406873920005726981668604446348626472630698705678,2.1884027015187696e-08
1.7397896063178547e-06,0.28545341713551897,0.28545341713551897,0.845631717466792,0.28545341713551897,0.845631717466792,471087.0,484479.0,0.8104931124248749,1.9423313131313134,343741892268180783711184757404693905348532242842419414905344738525732739134988550964343790550263719692816890190827644163196212260501248655671963582169181316109182,2.1772110663696097e-08
1.742897181477994e-06,0.2853110481525259,0.2853110481525259,0.8222400456207436,0.2853110481525259,0.8222400456207436,470031.0,484360.0,0.8101128324000023,1.937967676767677,345004956208913897491584797944883264864836491783621633517318853273288644818857613495785697684104482974602760252847929456345081102224907973619397744633622426443436,2.1881794535022922e-08
1.7380866484542851e-06,0.2850386369817211,0.2850386369817211,0.8251160676404632,0.28503863698172105,0.8251160676404632,469302.0,484294.0,0.809316013298259,1.9349373737373738,343583061893974489033939965748767323811347993847520040680638793509794807456728236553177150471196443008391123707848438026444138355367298177435468494525586047671006,2.2275242241179523e-08
1.7413309198178628e-06,0.2848977815631761,0.2848977815631761,0.8199252131024498,0.2848977815631761,0.8199252131024498,468562.0,484230.0,0.8089229721060222,1.9319636363636363,342678131814684644311763552046867032793029492597091389104453376840985677195831298764761869684963367151576116970248847168066677990616186712158809050882437274915700,2.2673390310168188e-08
1.7409841033485915e-06,0.2848075395521782,0.2848075395521782,0.798890618052468,0.28480753955217814,0.798890618052468,467707.0,484193.0,0.8086475530729782,1.9284161616161615,339623306153440302687183827651299465856425310147789841544445219855825794681775692248630186285326680012295980319905250766911088517922979143172225116672860528513868,2.2619449569120243e-08
1.7478925099346014e-06,0.28475415350595423,0.28475415350595423,0.7947868403908798,0.2847541535059542,0.7947868403908798,466855.0,484146.0,0.8085369360200184,1.924888888888889,343418778160708069494438674914963735580377822397516953529610438834622558136443880210813550381139401761535403030094731987654728983442371193816385126048856713672088,2.2162419592046978e-08
1.7557536218004364e-06,0.28441654857605514,0.28441654857605514,0.7902589876703439,0.28441654857605514,0.7902589876703439,465653.0,483956.0,0.8075826499614627,1.9199353535353536,342370320317747778162446851816576150156944998672556232135031742790067393723855206507187302233093132574701064570910638455238280843732168607785161796880849559087546,2.199667189769759e-08
1.7557338519005157e-06,0.28438203007872764,0.28438203007872764,0.8003262141795647,0.28438203007872764,0.8003262141795647,464955.0,483851.0,0.807487843876557,1.9171030303030303,342397658479026041317603170836331919524200637040704532203914157243397001042727568215968948671682435402804965198222324848869173945446133070161752907994984189170398,2.2165894534727166e-08
1.7553786895535308e-06,0.2841955395787651,0.2841955395787651,0.8000307439104668,0.2841955395787651,0.8000307439104668,463842.0,483701.0,0.8069572208398894,1.9125171717171716,345953746753983822601020810815492410547150373153668931286215275840095429282272279876792211530199686356830797282885990070203681865158180628988572903488287863657292,2.211028234224923e-08
1.7553188858414366e-06,0.2839349068637575,0.2839349068637575,0.7822533242282126,0.28393490686375755,0.7822533242282126,462905.0,483474.0,0.8062112613828407,1.9086666666666665,345954324290501766147803665199787849034962340111373616994587215658280730164380042694245088631378450499617264439509156185298644652629134423413018951374761303833662,2.1722011165459103e-08
1.7452631948460361e-06,0.2837328791687907,0.2837328791687907,0.7820811197648038,0.2837328791687907,0.7820811197648038,461952.0,483366.0,0.8056230697891718,1.904739393939394,345787699199866042214486064128105471694767943769409022127628264007841411498520896338401738427342696560397894754351522110712664981034844957514414652020904706287010,2.14407624922711e-08
1.7360949536642314e-06,0.2834981547148673,0.2834981547148673,0.779549162924168,0.2834981547148673,0.779549162924168,460783.0,483190.0,0.8049582118317374,1.89989898989899,341730250509754218606142744590919370906932650896896137401673973927372052401936276869760994379154598731532021713862941727651692202054250183458626265647747338072904,2.155209655235693e-08
1.7289754922207274e-06,0.283251196086111,0.283251196086111,0.77155524812567,0.283251196086111,0.77155524812567,459595.0,482949.0,0.8042615719008407,1.894981818181818,337646803764756373932683219720472285289500250205137079104423065731943577976245591635341325092653222109058491371341389682754248507436178221551810056021479596454322,2.1333195025793178e-08
1.735310834291322e-06,0.2831096143310237,0.2831096143310237,0.7880073049830414,0.2831096143310238,0.7880073049830414,458858.0,482815.0,0.8038698809065964,1.8919676767676767,339789120343416054956413583252787289437409870281512589033560374764649979594407508096192928001625723372676875825994985126979775287631156948577629518498339449037266,2.2222730488075588e-08
1.7195295809806456e-06,0.2830759474038846,0.2830759474038846,0.7902088673816374,0.2830759474038846,0.7902088673816374,457518.0,482647.0,0.8037591907353634,1.886480808080808,339960482978074289505111186687518105359492691174494615993783313562688872741234609143152015194849007012172080257661353755930278762260392812058922906629917013239272,2.2507141991623225e-08
1.7270624432078883e-06,0.2826433237782064,0.2826433237782064,0.7866826480290017,0.2826433237782064,0.7866826480290017,456574.0,482238.0,0.8025477693206385,1.882569696969697,342460225089230532165024706184549076594805790787123550126230589361810567735260905600588043474862403038398256997940926114535421192681231823374288146706846889470960,2.2336381712703952e-08
1.7132309364484806e-06,0.28267160161433097,0.28267160161433097,0.7872017761525406,0.282671601614331,0.7872017761525406,455590.0,482066.0,0.8026413760978154,1.8785333333333332,346106396785918197252455225602128909549465330158480843904751169501366279340256117305024809570939488122910140322495674846218266740875361343353187531875784321352826,2.2160519144093272e-08
1.7025741586351098e-06,0.2824276893922837,0.2824276893922837,0.7707673137292591,0.2824276893922837,0.7707673137292591,454436.0,481676.0,0.8019470744615528,1.873830303030303,346308708610028134553037440162223623016460834379668400586764973472706106607086522246396648395352462824433913068661701087280685013052775798230765912572949452662478,2.2160318502897182e-08
1.707229335651959e-06,0.2818328995966584,0.2818328995966584,0.7632200548224634,0.2818328995966584,0.7632200548224634,452753.0,481284.0,0.8002695595207006,1.8668686868686868,344743090534222718154718774590283987668225641410252714192101969633007612178776274678858951619481278114551356187019306150430098202247418844005713560903196611795648,2.1766090568539926e-08
1.6866177209048402e-06,0.28160836500687586,0.28160836500687586,0.7803809337251066,0.28160836500687586,0.7803809337251066,451585.0,480952.0,0.7996465989100675,1.862032323232323,342506754326514607079895578002189499806440550675718944162756039965077208764902978977213553012142557515597057798418503928978122963771892813167035824518632436883236,2.143821801145763e-08
1.6734263692755627e-06,0.2810813669657228,0.2810813669657228,0.7723883812688189,0.2810813669657228,0.7723883812688189,450000.0,480701.0,0.7981729208167683,1.855470707070707,338873350172130777117988829666516283168809769432870772316995849692572951471366992966681771628277074717956142851987221783565074303141750223474269544813344153433530,2.1651912554139356e-08
1.675351663182684e-06,0.2810272540174051,0.2810272540174051,0.7794154619736017,0.2810272540174051,0.7794154619736017,448173.0,480253.0,0.7980264994585188,1.8479393939393938,339098774882210286808221981931421360679568523073974781435750822093779344953561690568240596652466167195968406690511782021392144621069485343811853812400111725190408,2.115793571501085e-08
1.6762525167775077e-06,0.280658161140889,0.280658161140889,0.7727747188378632,0.28065816114088893,0.7727747188378632,446944.0,479721.0,0.7969847590088783,1.8429050505050504,341578569887263705401044187756119169022813169271124231607282921042574812662378101002948524241829526108915886949903157821619308762020732777850789405390225168245980,2.1048557561932675e-08
1.6900819009921158e-06,0.2805337175476062,0.2805337175476062,0.7761954154540406,0.2805337175476062,0.7761954154540406,445629.0,479476.0,0.7966407325224718,1.837478787878788,341661587681297726017189784802112897976337960512066397883391296461729685370310581335765962570709033435486391069752510239075185337556349068371760065052877509712088,2.137269645956732e-08
1.686899706874557e-06,0.27942275631044206,0.27942275631044206,0.7815807537368813,0.279422756310442,0.7815807537368813,444220.0,479160.0,0.793514723634705,1.8316848484848485,340451534944096647708110391323928140498133972393440398442887149125067437650853963081672319876433024427674601864909180341558443058186739985549166560242272851509128,2.1539431282061707e-08
1.6799229180632049e-06,0.27886312255633533,0.27886312255633533,0.7771259808685186,0.27886312255633533,0.7771259808685186,442439.0,478652.0,0.7919458958643444,1.8243515151515155,339560417037750005084826450545344048887601702392642880478184044862892863217941751960949126818044295236081158631123048294139682934429469244930206486642574118842108,2.182572450217586e-08
1.695020140827104e-06,0.2789516176439308,0.2789516176439308,0.7728033170372706,0.2789516176439308,0.7728033170372706,440777.0,478167.0,0.7921839579920111,1.8174626262626266,344024514181230785825107857611427992956835458942291078908924607524890871299360078499320747995503026714405535421143666146431152295650022979553146696338769968224040,2.1547083363975786e-08
1.6901006189034657e-06,0.27858898859274583,0.27858898859274583,0.7678899166710349,0.2785889885927459,0.7678899166710349,439225.0,477489.0,0.791155970940343,1.8110747474747475,344714590266839476920961132951505226822872045276309687916917645481954761438853936580629414806606279947567836270899244975944913462621692369790972731645577740590560,2.1166474291029974e-08
1.6780357313786332e-06,0.27814225042549284,0.27814225042549284,0.7614447627107613,0.27814225042549284,0.7614447627107613,438118.0,477252.0,0.7898920048616809,1.8064848484848486,347788761741749162521274984261755551862577654465849065326819507796998775172427125227760691867940219771287616144357325330498433179602251760780838857566398792625098,2.1381890561475784e-08
1.6818185899512285e-06,0.2774736382007221,0.2774736382007221,0.7715643124647871,0.27747363820072213,0.7715643124647871,436317.0,476666.0,0.7880245914831381,1.7990181818181816,349288552264099926541737381206232016346502030928608034051909244495869990466622679701223764550735311288738360399579958243706140811662627930202360791957662034144884,2.077518404244406e-08
1.6820040978778091e-06,0.2772199793038994,0.2772199793038994,0.7563759991155097,0.27721997930389936,0.7563759991155097,434906.0,475791.0,0.7873284078235948,1.793179797979798,348975020579604240067291501765149887630581693673173596081511668571025867758412873478243278606591452156132313198810452697109678562090910352287348197526874776881866,2.0717449651401556e-08
1.678422733972026e-06,0.2766272965999599,0.2766272965999599,0.7540321866329732,0.2766272965999599,0.7540321866329732,433242.0,475422.0,0.7856767524041127,1.7863595959595957,352519014856779960087778648714607451570492334300184697858856631748710452534869702898267496410200177160434561361316693880314404966647162769240386288980581515179520,2.0709738094818652e-08
1.6846137576162006e-06,0.2761362222865808,0.2761362222865808,0.7429262261830406,0.2761362222865809,0.7429262261830406,430471.0,474516.0,0.7843100909498093,1.774880808080808,351691164110519989074090514327376436007568317962502019395865560479333823061287772660448595662159265279675061143419393907582981484556714849574169590326681003433180,2.0497323519105216e-08
3.6135664005269147e-07,0.27555827614804557,0.27555827614804557,0.7489271418699549,0.27555827614804557,0.7489271418699549,428912.0,473941.0,0.782693546147101,1.7684767676767674,353040900756352417268821851684331832675687640975665081901400981782866190103097037854641052509851182870972743139166969105867962838975948568788253982824725645396034,2.076299823970898e-08
3.62219776055099e-07,0.27505723406899935,0.27505723406899935,0.7303628003673275,0.2750572340689993,0.7303628003673275,427499.0,473471.0,0.7812720671662667,1.762670707070707,356235937219279318956432047305670442123040336047761168586158091053531593102058070660887499303606473334564719760673384829021747764292076671648492387571592271890590,2.0486677392935834e-08
3.629081261465712e-07,0.2745003075000215,0.2745003075000215,0.7358658703159628,0.27450030750002147,0.7358658703159628,425183.0,472510.0,0.7797135356970837,1.753179797979798,358391991715591342946553308726678903288618053120533675532467519325849752907239114775760814690975020189777396682506234053484292057985652140928402207625141654674646,2.0442475736249255e-08
3.626678825638116e-07,0.2741165383755667,0.2741165383755667,0.7350629316465505,0.27411653837556677,0.7350629316465505,423800.0,471909.0,0.7786380376820542,1.7474666666666665,359351117180154215325507585278954564552628056880944918645298620192782451011459025861141314019838739662711940760180711381894906144180068944466227870545609507554746,2.0778228587382153e-08
3.638659668656608e-07,0.27404444517394455,0.27404444517394455,0.7318586050817824,0.2740444451739445,0.7318586050817824,422421.0,471420.0,0.7784344815541939,1.7418383838383837,360688861463324775347603519504490220701384472481594562160270157537924538762267523162406544745932964657037027175423926664177151678853828704376708326589444299246390,2.0627792268991768e-08
3.640794006573009e-07,0.2735489524643522,0.2735489524643522,0.7294860378329685,0.27354895246435207,0.7294860378329685,420616.0,470759.0,0.7770556108071585,1.7343959595959597,361013124799390317311634358889398111883215450852991168377228481866129830242125606812558355718656278467556078681058046762210962278890385874385921036636119842674834,2.051676520229422e-08
3.6219424900024267e-07,0.27307228067315986,0.27307228067315986,0.7150912719968672,0.27307228067316,0.7150912719968672,418439.0,470097.0,0.7757141864268655,1.725478787878788,364656018074943837037858083354104833534274943189844908540259538064339261581044837108412559462495989249342454550439403507875281108236904774962037921327224869941704,1.9881510961559814e-08
3.645114909271629e-07,0.2726412361630643,0.2726412361630643,0.7153187238361027,0.2726412361630643,0.7153187238361027,416661.0,469619.0,0.7745170711316395,1.7181292929292928,364198817991513510626017270913580194231909822626534069818484455326974434331250921614017426727496752943859745586796292464370982090335625136837056999827064368094774,1.96146490311429e-08
3.636152779097377e-07,0.2715172401601084,0.2715172401601084,0.7088933711019506,0.2715172401601084,0.7088933711019506,414805.0,468919.0,0.7713643740277982,1.7104606060606062,364151793539620853999765359851539775235031563117396597016061628542640807829948427293277042898567494759580653795967482320879879209589304783053005032440546320582002,2.0293931048145688e-08
3.6043298988192403e-07,0.27104271336018054,0.27104271336018054,0.7000537684887863,0.27104271336018054,0.7000537684887863,412777.0,468345.0,0.7700245959628556,1.7020767676767679,366317518623125268488493518123865776466463616282771448907710565910079886395613739963056011922899290151998206306484539984736329012213790383062699684066624509214916,1.993871540205246e-08
3.595472435366829e-07,0.2703394394670735,0.2703394394670735,0.695027933310003,0.27033943946707356,0.695027933310003,410551.0,467501.0,0.768058621963879,1.692909090909091,366476521464892438558704123344681067263708093856671215412691425948061332814067269136267099609795222477440464344918316121230650221635182043781206939357775438119454,1.9469609650433268e-08
3.575122269215346e-07,0.26947474111072894,0.26947474111072894,0.6953362685123544,0.269474741110729,0.6953362685123544,408969.0,466667.0,0.7656700895968417,1.686387878787879,364393325354515196487539279082569651402811037389278397322667243632484354655961823110730255751485928675592678664945312549198392194635120828805005351062284626693956,1.9218227184998034e-08
3.5546384760239825e-07,0.2682925208311856,0.2682925208311856,0.7086395219924717,0.2682925208311856,0.7086395219924717,406659.0,465630.0,0.7623118146751292,1.6768525252525253,356493390478759508885476198112432604820250849667288469346327355197579133655822943686020564267291090109570251471214826606886317797401950746856093117598311936217028,1.936820693692206e-08
3.551200539054897e-07,0.26741554174593163,0.26741554174593163,0.7073738073352929,0.26741554174593163,0.7073738073352929,403456.0,464456.0,0.7598295911568457,1.66370101010101,356050965269280256068779259337475544791166597936730589589610328638390372913324526164718721774524227631845537860454782295563485429960988733154074529318513650851004,1.9524515782735244e-08
3.5695834521332553e-07,0.2670910945357501,0.2670910945357501,0.6922875438774991,0.2670910945357501,0.6922875438774991,401738.0,463491.0,0.758892348887213,1.6565818181818182,360718003680067567918626411874561603025104977404497873191249819480310858372465502342322427610487864557971733320849411100903199269164334402063006870597077141340566,1.9576224917297544e-08
3.569688878992819e-07,0.26684275598659873,0.26684275598659873,0.6910437757541841,0.26684275598659873,0.6910437757541841,399663.0,462342.0,0.7581958996354122,1.6480363636363637,360716952037792333722957609448213916370857800984986411642699761969579912858097353609555131298329654025716057028157443393777753973140545234269466088853155627606734,1.9103920516148696e-08
3.5915777745378475e-07,0.26680236037036187,0.26680236037036187,0.6840613034058843,0.26680236037036176,0.6840613034058843,397156.0,461238.0,0.7580956249753036,1.6377292929292928,364192284238824458348534870114484221853425916852188972680361601530784416681671531120837733957162762547741791571330479852454719291228040623191977588998711491363054,1.9316694261577643e-08
3.5882070220048585e-07,0.26569810617060285,0.26569810617060285,0.6886440623903544,0.26569810617060285,0.6886440623903544,394647.0,459868.0,0.7550039044052349,1.6273656565656567,361768453172352403428364215885754960842263551995544096660994621281751823356434538279941519869535470310478432066872285150095432265354340765915003793679502771359458,1.8907957594468285e-08
3.5882070220048585e-07,0.264615626837862,0.264615626837862,0.6840128863513125,0.26461562683786194,0.6840128863513125,392383.0,458658.0,0.7520082534937466,1.6180080808080808,361770072024974775122564542345222403090131397770637991803164372957917327249304864506629212036026228760301492760519984763266174824886375594239318865068407761149678,1.880889348315991e-08
3.586392862588689e-07,0.2638576700484358,0.2638576700484358,0.6778820106223478,0.2638576700484358,0.6778820106223478,390425.0,457933.0,0.7499406765776118,1.6099434343434345,361945766055460119715539729267352323838400104507602130353209136980989186941403256235888517201936031474845903942485793827979904321736046757055780769957997362729994,1.8669320894005893e-08
3.5804177240885684e-07,0.2637297166610547,0.2637297166610547,0.680769481598936,0.2637297166610547,0.680769481598936,388319.0,456808.0,0.7495948680406918,1.6013414141414142,360519084637822458448194408484669136343305370627413735195578431852979118333076268869385474445683381451528267120394599127819987076973707591238619617726162759955942,1.809391246765298e-08
3.602591060768499e-07,0.26310780656642674,0.26310780656642674,0.6818445789338139,0.26310780656642674,0.6818445789338139,386538.0,455828.0,0.7478553499772628,1.5939797979797978,358529412756146836625179882379313875433242052663580061772761014916741925645804822870964077319254278450560992120953472254944676925308677030257478775297907345195354,1.8237119109260763e-08
3.5881138539410676e-07,0.26211301064325226,0.26211301064325226,0.6731273647612228,0.26211301064325226,0.6731273647612228,383721.0,454407.0,0.7451283172076184,1.5824080808080807,360434808176142073832420844844594209472976165235299285827883972398232922964846303213545868517737635570772334815325764349884438604947622315938571604532249034373392,1.8095401196385958e-08
3.904992697961143e-07,0.2612771909424909,0.2612771909424909,0.6694979651552813,0.2612771909424909,0.6694979651552813,381088.0,452696.0,0.742764606481664,1.5715313131313133,359465460859850648390681887362253640666486767686480305885316952854522801303443179592299297843058752181859472158475629101916952775333387859947470852656869915078150,1.7539262802416258e-08
3.9053133808830326e-07,0.2605432714589718,0.2605432714589718,0.6653866336412443,0.2605432714589718,0.6653866336412443,378286.0,451562.0,0.7407468421360595,1.5600363636363637,359383622190265674847046184796155523566125366980149455525333999235947281741652485900357277328112663072100216286206558370309731923602587377003180141568886124723282,1.7679479324702923e-08
3.896146665898448e-07,0.25996865420126736,0.25996865420126736,0.6714509902651897,0.25996865420126736,0.6714509902651897,376907.0,450745.0,0.7391344675036325,1.554339393939394,355638176350166292486920170582420384009279973935165425435849974582949309976788546188153893284124947996562808937225635616472476417719776607625005917764179915828744,1.7532241556292314e-08
3.905986434762569e-07,0.2589032797727269,0.2589032797727269,0.6595883645749477,0.2589032797727269,0.6595883645749477,374577.0,449450.0,0.736179029051934,1.5447353535353534,358914521124248950836845025466426676287002109987739959735880767757693943731576739613043892828911913407955906296935218294735950342892916844184395167811640192244642,1.7577482251120557e-08
3.782212997682924e-07,0.25839788162665167,0.25839788162665167,0.6590874943913849,0.2583978816266517,0.6590874943913849,372445.0,448066.0,0.7347588935848823,1.5359757575757575,357629623247498976148121089754153355317830718239872597674647802706083592853973580626286489657882556685046767365599295756932482753902879939832792232977898466414218,1.7434361120002508e-08
3.796313759758302e-07,0.25789823710489673,0.25789823710489673,0.6440837999370872,0.2578982371048968,0.6440837999370872,370171.0,446433.0,0.7333503007808616,1.5265292929292928,362556576619600632906295023499680586566735772828110800128632745873134105480119385404668020241054038253138077706977655135432026026461692200545608322977293204354214,1.7126121004018218e-08
3.5599988451194683e-07,0.25704209767880937,0.25704209767880937,0.635192838497758,0.25704209767880937,0.635192838497758,368219.0,445163.0,0.7309104380732966,1.5184808080808079,363267594924341940260106260476564329050791290004963281699572777190297083780563096303962523064535341903123788665472300747230575217514843301600198081681705636430770,1.67303930359824e-08
1.5716955189564495e-07,0.2558386195175157,0.2558386195175157,0.6228156328707596,0.2558386195175157,0.6228156328707596,365271.0,443606.0,0.7275346985694572,1.50629898989899,366176020804046464840966532517137184690216991131476036431908903124810480958748680610649745427261339856738477923524595018215281624472593510777094283277147898351394,1.6723205154776507e-08
1.5600661648941618e-07,0.25493152993232526,0.25493152993232526,0.6262027782113314,0.25493152993232526,0.6262027782113314,362720.0,441740.0,0.7250426132250327,1.4957858585858586,362159894176162153121714664905129318676895013664945445863946420997647057953978856016574724415963547673180731630221679802181681692030069676223881681413046343978448,1.637293155502154e-08
3.818066498573573e-08,0.25383756746448544,0.25383756746448544,0.6210454423767748,0.2538375674644855,0.6210454423767748,360370.0,440388.0,0.7219470797931907,1.4860646464646465,358875127763272804810098479979832150643800413203111956062639606209788387797257572154695654989163234774380483935924287349857585549784156900212067293740791198512990,1.656992789004221e-08
3.833569026703652e-08,0.25230648577520465,0.25230648577520465,0.6024612246891868,0.25230648577520465,0.6024612246891868,357924.0,438989.0,0.7177125080647798,1.4759919191919193,364113327115055231846898591298194630894131441216506373889057334596412792591964656665199323277399028745702758509437358357606392906072286649814104662439655078990068,1.6442022843137763e-08
3.83587373010221e-08,0.2517590170684462,0.2517590170684462,0.5992352439544373,0.2517590170684462,0.5992352439544373,355459.0,437314.0,0.7162101593457348,1.465810101010101,365453159662885333903840624874274478879042346951927184751315702307301375374896077117049502580547394419798195380789271105415643907198674722932526396402369185605396,1.6441175425387594e-08
3.810030399772325e-08,0.2510503933793896,0.2510503933793896,0.5932819663779925,0.25105039337938967,0.5932819663779925,352865.0,435683.0,0.7141671018424898,1.4551434343434344,364765160344217981633188401431904422980491209985351766333833754175485256164383481851507343945210163694822376067570922699955145210704864777427537091968311269241348,1.6612501560730492e-08
2.8071687514513158e-08,0.250754025783268,0.250754025783268,0.586342866742262,0.250754025783268,0.586342866742262,350750.0,434573.0,0.7133891994663464,1.4464040404040404,367044719602174618975367015328183684679687902676144064379950475238929663682942469818831649444778804538110150128205251900592672600092445037750823472135599754423024,1.630140519059493e-08
2.1346626637560153e-08,0.25015975104684407,0.25015975104684407,0.5892275240034917,0.250159751046844,0.5892275240034917,348260.0,432623.0,0.711736594723781,1.436161616161616,362667495508252101106674096920099581986668919541756839932293550858606568915424695871813732886180071913474280385246689575176447150736045787970371476839994949549118,1.669703540337403e-08
1.6992343927992966e-08,0.2491199479904898,0.2491199479904898,0.5884808869060681,0.24911994799048978,0.5884808869060681,345430.0,430961.0,0.7088163984360856,1.4244121212121212,364833962244335004037695499189438886020442473371784683671297392194307900331537675877005954727274026701481816192838216602161439599805963567622381106608981600654632,1.6740348440123158e-08
1.6992343927992966e-08,0.24791506812096575,0.24791506812096575,0.5839773641483215,0.24791506812096573,0.5839773641483215,342994.0,429215.0,0.7053784569978282,1.4143272727272729,364833139300680200945010314155076533082443128490592748969869938826785030763108284652580329361551365641601143429298663590690861125407503148281619192809162003232224,1.62515418515465e-08
1.698168953447614e-08,0.2482577198888973,0.2482577198888973,0.5830031671682361,0.2482577198888973,0.5830031671682361,341456.0,428058.0,0.7063794560295138,1.4080404040404042,365723272025197517759880766119721060230455737318388653744601890412095843219929997466931012654530956463512436645762953808891117550138801170771104394479253478118024,1.6377608008092067e-08
1.698207509757084e-08,0.24662622688831207,0.24662622688831207,0.5765272789049605,0.24662622688831198,0.5765272789049605,338897.0,426429.0,0.7017801474123567,1.3974909090909091,365754875489731275351112840209287092225048863610692339923440009601258331464123818996081295941238318515342387601813483445405158942807057336179334575982755390106422,1.6290721081137756e-08
1.683431446757932e-08,0.245316637234719,0.245316637234719,0.5890378574557295,0.24531663723471903,0.5890378574557295,335909.0,424358.0,0.6981250349784511,1.385179797979798,357817892655399015904412319050003503695498592935358157170948810912807225829713939534017002720606087308657295337619445150412590537256187453523697553048921651916038,1.612385080352898e-08
1.673931172104568e-08,0.2443109671214469,0.2443109671214469,0.5880077967806845,0.24431096712144687,0.5880077967806845,334149.0,422815.0,0.695342784579537,1.3779070707070706,356058423261526729771871232352095863381236849756040314830795773440477361592091959968681703433993103393642997768371858045365365572311934376653953689773664550839244,1.5573028201659555e-08
1.683119140651227e-08,0.2433008861728291,0.2433008861728291,0.5703497437222724,0.24330088617282916,0.5703497437222724,331366.0,420780.0,0.6924845869798847,1.366408080808081,362117578515979003948792614496728114602904379533414956864771570034855110575437906215252914806092650576417573993435766379649832139691582695446116922112496291659034,1.5525144360217474e-08
1.683119140651227e-08,0.24280105674340136,0.24280105674340136,0.5683108436552035,0.2428010567434013,0.5683108436552035,328780.0,418526.0,0.691129709692683,1.3557252525252526,362117106676180518303402337946951749528881566788342081056612754758798480358614553448106093271306579206491881281051850041041138196491683498813956661932968877725434,1.5357481758274917e-08
1.3533639391235864e-08,0.24120976073358646,0.24120976073358646,0.5706530242439392,0.24120976073358644,0.5706530242439392,325484.0,416103.0,0.6867394290062627,1.3421454545454545,356289960175893969441110653450701649371637986091045213043960385973795359315067872592354029308791521786777183627408631795126284298077949266814303374245057956283978,1.5545971010086203e-08
1.1291947798117546e-08,0.24049084794941092,0.24049084794941092,0.5542673775912348,0.24049084794941092,0.5542673775912348,322914.0,414060.0,0.6848016501631323,1.331567676767677,363493586974779817477901830977332324020808420457188376008169109666686775221063588117705237909484672434507016008352620047940290888825269737262105224553736714951774,1.6129736036212496e-08
1.1271514547334468e-08,0.2398853747975194,0.2398853747975194,0.5566568425974919,0.23988537479751942,0.5566568425974919,320468.0,412564.0,0.6831543815381872,1.321519191919192,362777953602582600252228901483409774867260750552251231455408317456474685249980237740661388466569273274324281889947343706375378752764196052095572969744132794562426,1.6145964056718735e-08
9.468470517590431e-09,0.23952007364419214,0.23952007364419214,0.5553180127131175,0.23952007364419212,0.5553180127131175,318890.0,411585.0,0.6821806391541316,1.314969696969697,362470096248817078647739416895642302201254305528218381497916559711434094964099588264148367441023441033820268913805118309252463234983138476197994094348783600929662,1.5104238088619516e-08
8.091493951483023e-09,0.23839458660052448,0.23839458660052448,0.5375001504085098,0.23839458660052443,0.5375001504085098,315973.0,409334.0,0.6790205989742591,1.3029454545454544,368386533694563059679146828334226833699719230372989313591874622272445929927319375518015198492541150695287908968574415082824927594109150175035704933007970854434514,1.4941730543984814e-08
5.9908963301972404e-09,0.23711535352591734,0.23711535352591734,0.5449248030115705,0.2371153535259173,0.5449248030115705,313509.0,407730.0,0.6754432503815313,1.2928121212121213,360329060420937594432488499515042728077609792067896445829463465395523956134931568328573932284889952148368854016291346096233234619931141670715993430579118193367992,1.4692441360134704e-08
5.8838794376328e-09,0.23581924853203876,0.23581924853203876,0.5680577012805228,0.23581924853203884,0.5680577012805228,310599.0,405687.0,0.6718196886783744,1.280828282828283,344156929656713723499232427541177267091771659883564915200246664963657592354807828438066324616539483286157232197573128298480983727348197075708571676517025712335006,1.4458292868301278e-08
5.215703106813863e-09,0.23581863765809374,0.23581863765809374,0.5600997584324957,0.2358186376580938,0.5600997584324957,307787.0,403905.0,0.6718392081438881,1.269232323232323,348818734711137767500039422184502406606467009695892050428302703585733204112417583470364869932166728621314484447966352463905847959079581044631321090258779219905564,1.4271796430494907e-08
4.0829942909000396e-09,0.23496035850108488,0.23496035850108488,0.5565645028075323,0.23496035850108485,0.5565645028075323,305635.0,401815.0,0.6696423061498414,1.2603434343434343,344939062415013626629755994060670075960894376401855479597317588133207800439811159632956304097052967199751031660408887458068315197616093403329375715372985020487132,1.4374557952332575e-08
4.091585921860232e-09,0.23384984784435267,0.23384984784435267,0.5466612408796111,0.2338498478443527,0.5466612408796111,303310.0,399485.0,0.6664965266276178,1.2507434343434345,347524170983139486452105388968894631778108236341710679661596739609773423808172526636018097064124996506187111929370791678500497427530801896109467904942487019805428,1.3942424138115867e-08
3.7027998240822427e-09,0.23297397547042129,0.23297397547042129,0.5308523314939028,0.23297397547042129,0.5308523314939028,300856.0,397794.0,0.6640726889049238,1.2406424242424243,354346171975931882527151892244207505813561466165369393124796748952305310203888000790652134477118350872036435632778544150121320094781178063107969227854969923141740,1.390315979435375e-08
3.6777864984168306e-09,0.23229778178970883,0.23229778178970883,0.5260768290725956,0.23229778178970878,0.5260768290725956,298142.0,395718.0,0.6621983873737877,1.2294383838383838,353510779666244875202341189453798514139934564575540415596462195597590692340295712410338406898843358553163337713546429789407905580716489580503932232872790602236760,1.3106652882369303e-08
3.6636332355201474e-09,0.23124343874703887,0.23124343874703887,0.5267424317864969,0.2312434387470389,0.5267424317864969,295699.0,393680.0,0.6592889039186465,1.2193656565656565,350618444847472603305601343753618922320326822603496934958190219263322678947187138440760874157757801814713718389694843046189655381128222646016152744584868322956024,1.2768606660639681e-08
3.6759582244403652e-09,0.23024619625653023,0.23024619625653023,0.5146935448282624,0.23024619625653034,0.5146935448282624,293095.0,391266.0,0.6564877042864409,1.208650505050505,353520937006134479954479877763784089470449022367236333552584709001375709519288843549698786826628266854998612066929282627175736876059583795402773460887663509122650,1.2702273992970874e-08
3.675926503598502e-09,0.22930380061140845,0.22930380061140845,0.5099255926843018,0.2293038006114084,0.5099255926843018,290914.0,389203.0,0.6538305432473315,1.1996606060606059,353505253439273529772509694301015470680679038039313575963122379913790046388248373482406119788144008683967799253149394721964319762956657728360757943720804604551306,1.2671472965698554e-08
3.301970825383712e-09,0.22731958642657255,0.22731958642657255,0.5054295541118602,0.22731958642657255,0.5054295541118602,287690.0,386551.0,0.648201261713711,1.1863797979797979,351068577793216288620600931691129182132866208454007734624639625046267562398948166957714125580668156633565845613584934738698195452837069854768948803052587847511462,1.2569838815125417e-08
3.2909073815536674e-09,0.22693226782147766,0.22693226782147766,0.5115591801964319,0.22693226782147768,0.5115591801964319,285497.0,385146.0,0.6472046644105208,1.1773373737373738,347997121101824253003721738414826335414420354006595955943656574261440963952505671875814398162429575039171179785311751505528174791219162353199326727485533350948918,1.2736607532680087e-08
2.7051645237771545e-09,0.22603334811546003,0.22603334811546003,0.5094423451133007,0.22603334811546,0.5094423451133007,283032.0,383017.0,0.6448876864756636,1.1671555555555555,345438667018644628831559326955225743235143588599613330634935404783997603133697142240870237969096592881962525527164284427311403767326730142468692470445456890398370,1.2473855921470103e-08
2.4582642871736467e-09,0.22458652129841783,0.22458652129841783,0.5132709007430524,0.2245865212984178,0.5132709007430524,280694.0,380825.0,0.6409388882487996,1.15749898989899,339217281778216788168335016587895127385171522447647161425639421372103503151000201029096913577103265278452633908894017288835758211316203578330906602561257088559810,1.2583100436033089e-08
2.4607969775285934e-09,0.2232121947999888,0.2232121947999888,0.5090774358974357,0.2232121947999888,0.5090774358974357,278286.0,378391.0,0.6371094601526534,1.1475434343434343,339826414585334483286010228111432257630737673319412346903400847556336809716289224572484089847759112619080268411924873617657305843794320297782429100734825650200066,1.2389558120703044e-08
2.2500986277143596e-09,0.22191750176091785,0.22191750176091785,0.5064828541962099,0.2219175017609178,0.5064828541962099,274224.0,374786.0,0.633656249469099,1.1307757575757575,337044397311211068772341568720216321439292060577457106443958821174885495812717288710286953797907010159725651306433195823344432998384501516097908989596375057468498,1.1576078586272657e-08
2.246643018478127e-09,0.22102454743783373,0.22102454743783373,0.500484233078462,0.22102454743783373,0.500484233078462,271684.0,372492.0,0.6311224705675753,1.1202868686868688,336651603335876087897977237554693415538301663000772990324594173868982524763937571536428850142529248390707432053722188396371291351466719992363030113251541932088454,1.0543289243341321e-08


